Workbook
Name Part_s: [1]Sheet2!$G$8:$G$15
Name Part_s: Sheet2!$G$8:$G$15

Sheet 설비 Master Sheet
I1: warranty out | J1: 총 설비수량 | K1: =COUNTA(O8:O10007) -> 299 | L1: =K1=K2+K3 -> TRUE | N1: 월별 유상설비 수량 | O1: 1 | P1: 2 | Q1: 3 | R1: 4 | S1: 5 | T1: 6
C2: 모델명 및 설비 TYPE 기존 기입 데이터 참고하여 기입 | H2: 반입/셋업없음 | I2: =COUNTIFS(L8:L10007,"",M8:M10007,"",O8:O10007,"OUT") -> 116 | J2: Warrany OUT | K2: =COUNTIF(O:O,"OUT") -> 265 | L2: 팀 인원 | M2: 인당 관리대수 | O2: =COUNTIFS($M$8:$M$10007,"<>",$M$8:$M$10007,"<"&DATE(2025,O1,1)-365)+$I$2 -> 238 | P2: =COUNTIFS($M$8:$M$10007,"<>",$M$8:$M$10007,"<"&DATE(2025,P1,1)-365)+$I$2 -> 240 | Q2: =COUNTIFS($M$8:$M$10007,"<>",$M$8:$M$10007,"<"&DATE(2025,Q1,1)-365)+$I$2 -> 241 | R2: =COUNTIFS($M$8:$M$10007,"<>",$M$8:$M$10007,"<"&DATE(2025,R1,1)-365)+$I$2 -> 245 | S2: =COUNTIFS($M$8:$M$10007,"<>",$M$8:$M$10007,"<"&DATE(2025,S1,1)-365)+$I$2 -> 250 | T2: =COUNTIFS($M$8:$M$10007,"<>",$M$8:$M$10007,"<"&DATE(2025,T1,1)-365)+$I$2 -> 250
J3: Warrany IN | K3: =COUNTIF(O:O,"IN") -> 34 | L3: 5 | M3: =K1/L3 -> 59.8 | O3: 7 | P3: 8 | Q3: 9 | R3: 10 | S3: 11 | T3: 12
O4: =COUNTIFS($M$8:$M$10007,"<>",$M$8:$M$10007,"<"&DATE(2025,O3,1)-365)+$I$2 -> 254 | P4: =COUNTIFS($M$8:$M$10007,"<>",$M$8:$M$10007,"<"&DATE(2025,P3,1)-365)+$I$2 -> 255 | Q4: =COUNTIFS($M$8:$M$10007,"<>",$M$8:$M$10007,"<"&DATE(2025,Q3,1)-365)+$I$2 -> 258 | R4: =COUNTIFS($M$8:$M$10007,"<>",$M$8:$M$10007,"<"&DATE(2025,R3,1)-365)+$I$2 -> 259 | S4: =COUNTIFS($M$8:$M$10007,"<>",$M$8:$M$10007,"<"&DATE(2025,S3,1)-365)+$I$2 -> 260 | T4: =COUNTIFS($M$8:$M$10007,"<>",$M$8:$M$10007,"<"&DATE(2025,T3,1)-365)+$I$2 -> 261
B5: ■ 종합사이트 Master Sheet
B6: No | C6: 상호 | D6: 지역 | E6: 상세위치 | F6: 공정 | G6: 사용가스 | H6: 호기 | I6: MODEL | J6: S/N | K6: TYPE | L6: 반입일 | M6: SET UP | N6: 이설 Set-Up일 | O6: WARRENTY | P6: Inlet 사용port | Q6: 외부 Tank 사용 여부 | R6: Blower | S6: Heater 종류 | T6: 방문이력 | U6: 비고/특이사항
B8: 2 | C8: AP System | D8: 오산 | I8: 507BWA | J8: M002442 | K8: HEAT-WET | O8: =IF(AND(M8="",L8=""),"OUT",IF(M8="","IN",IF(TODAY()>M8+365,"OUT","IN"))) -> OUT | T8: X
B9: 3 | C9: BJ Power | D9: 대전 | I9: 507BW | K9: HEAT-WET | O9: =IF(AND(M9="",L9=""),"OUT",IF(M9="","IN",IF(TODAY()>M9+365,"OUT","IN"))) -> OUT | T9: X
B10: 4 | C10: JNK | D10: 마도 | I10: 601PW | J10: M001842 | K10: PLASMA | O10: =IF(AND(M10="",L10=""),"OUT",IF(M10="","IN",IF(TODAY()>M10+365,"OUT","IN"))) -> OUT | T10: X
I11: 507BWA | K11: HEAT-WET | O11: =IF(AND(M11="",L11=""),"OUT",IF(M11="","IN",IF(TODAY()>M11+365,"OUT","IN"))) -> OUT | T11: X
B12: 5 | C12: Kanc | D12: 수원 | H12: EP-1172 | I12: 1207BW | J12: M001021 | K12: HEAT-WET | O12: =IF(AND(M12="",L12=""),"OUT",IF(M12="","IN",IF(TODAY()>M12+365,"OUT","IN"))) -> OUT | T12: X
D13: 수원 | I13: MAT501BW | J13: 970516-GS-0116 | K13: HEAT-WET | O13: =IF(AND(M13="",L13=""),"OUT",IF(M13="","IN",IF(TODAY()>M13+365,"OUT","IN"))) -> OUT | T13: X
B14: 6 | C14: KEC | D14: 구미 | I14: 507BWA | J14: M001762 | K14: HEAT-WET | O14: =IF(AND(M14="",L14=""),"OUT",IF(M14="","IN",IF(TODAY()>M14+365,"OUT","IN"))) -> OUT | P14: 2 | Q14: X | R14: O | S14: 칸탈 | T14: O
I15: 507BWA | J15: M001985 | K15: HEAT-WET | O15: =IF(AND(M15="",L15=""),"OUT",IF(M15="","IN",IF(TODAY()>M15+365,"OUT","IN"))) -> OUT | P15: 3 | Q15: X | R15: O | S15: 칸탈 | T15: O
I16: 507BW | J16: 20050331-KE-1158 | K16: HEAT-WET | O16: =IF(AND(M16="",L16=""),"OUT",IF(M16="","IN",IF(TODAY()>M16+365,"OUT","IN"))) -> OUT | Q16: X | R16: O | S16: 칸탈 | T16: O
F17: HTO | I17: 507BW | J17: 20050331-KE-1159 | K17: HEAT-WET | O17: =IF(AND(M17="",L17=""),"OUT",IF(M17="","IN",IF(TODAY()>M17+365,"OUT","IN"))) -> OUT | P17: 1 | Q17: X | R17: O | S17: 칸탈 | T17: O
F18: CVD | I18: 507BW | J18: 20050331-KE-1160 | K18: HEAT-WET | O18: =IF(AND(M18="",L18=""),"OUT",IF(M18="","IN",IF(TODAY()>M18+365,"OUT","IN"))) -> OUT | Q18: X | R18: O | S18: 칸탈 | T18: O
F19: POLY | I19: 507BW | J19: 20050331-KE-1161 | K19: HEAT-WET | O19: =IF(AND(M19="",L19=""),"OUT",IF(M19="","IN",IF(TODAY()>M19+365,"OUT","IN"))) -> OUT | Q19: X | R19: O | S19: 칸탈 | T19: O
F20: CVD | I20: 507BW | J20: 20050331-KE-1162 | K20: HEAT-WET | O20: =IF(AND(M20="",L20=""),"OUT",IF(M20="","IN",IF(TODAY()>M20+365,"OUT","IN"))) -> OUT | Q20: X | R20: O | S20: 칸탈 | T20: O
F21: ETCH | I21: 507BW | J21: 20050331-KE-1164 | K21: HEAT-WET | O21: =IF(AND(M21="",L21=""),"OUT",IF(M21="","IN",IF(TODAY()>M21+365,"OUT","IN"))) -> OUT | Q21: X | R21: O | S21: 칸탈 | T21: O
F22: GAS ROOM | I22: 507BW | J22: 20050331-KE-1165 | K22: HEAT-WET | O22: =IF(AND(M22="",L22=""),"OUT",IF(M22="","IN",IF(TODAY()>M22+365,"OUT","IN"))) -> OUT | Q22: X | R22: O | S22: 칸탈 | T22: O | U22: 가스룸 설비 (2025.05.12 추가)
F23: CVD | I23: 1207BW | J23: 20051215-KE-1307 | K23: HEAT-WET | O23: =IF(AND(M23="",L23=""),"OUT",IF(M23="","IN",IF(TODAY()>M23+365,"OUT","IN"))) -> OUT | Q23: X | R23: O | S23: 칸탈 | T23: O
F24: CVD | I24: 507BWS | J24: M006188 | K24: HEAT-WET | L24: 44624 | M24: 44642 | O24: =IF(AND(M24="",L24=""),"OUT",IF(M24="","IN",IF(TODAY()>M24+365,"OUT","IN"))) -> OUT | P24: 2 | Q24: X | R24: O | S24: 칸탈 | T24: O
F25: TEOS | I25: 507BWS | J25: M006499 | K25: HEAT-WET | L25: 44845 | M25: 44853 | O25: =IF(AND(M25="",L25=""),"OUT",IF(M25="","IN",IF(TODAY()>M25+365,"OUT","IN"))) -> OUT | P25: 1 | Q25: X | R25: O | S25: 칸탈 | T25: O
B26: 8 | C26: LG전자기술 연구소 | D26: 서울 우면동 | I26: 1207BWA | J26: M001919 | K26: HEAT-WET | M26: 43069 | O26: =IF(AND(M26="",L26=""),"OUT",IF(M26="","IN",IF(TODAY()>M26+365,"OUT","IN"))) -> OUT | P26: - | Q26: - | R26: - | S26: - | T26: O
I27: 507BWS | J27: M002615 | K27: HEAT-WET | M27: 43069 | O27: =IF(AND(M27="",L27=""),"OUT",IF(M27="","IN",IF(TODAY()>M27+365,"OUT","IN"))) -> OUT | P27: - | Q27: - | R27: - | S27: - | T27: O | U27: 2025년 7월 한국 공학대학에 중고로 판매
B28: 9 | C28: LG 화학 기술연구원 | D28: 대전 | I28: 507BWA | J28: M002581 | K28: HEAT-WET | O28: =IF(AND(M28="",L28=""),"OUT",IF(M28="","IN",IF(TODAY()>M28+365,"OUT","IN"))) -> OUT | T28: X
I29: 1501HW | J29: M006175 | K29: HEAT-WET | L29: 44544 | M29: 44573 | O29: =IF(AND(M29="",L29=""),"OUT",IF(M29="","IN",IF(TODAY()>M29+365,"OUT","IN"))) -> OUT | P29: 2 | Q29: X | R29: X | S29: 칸탈 | T29: O
B30: 10 | C30: SK 머티리얼즈 | D30: 영주 | I30: 1207BW | J30: M002097 | K30: HEAT-WET | O30: =IF(AND(M30="",L30=""),"OUT",IF(M30="","IN",IF(TODAY()>M30+365,"OUT","IN"))) -> OUT | T30: X
I31: MAT501 | K31: HEAT-WET | O31: =IF(AND(M31="",L31=""),"OUT",IF(M31="","IN",IF(TODAY()>M31+365,"OUT","IN"))) -> OUT | T31: X
D32: 군산 | I32: 1207BW | J32: M002089 | K32: HEAT-WET | O32: =IF(AND(M32="",L32=""),"OUT",IF(M32="","IN",IF(TODAY()>M32+365,"OUT","IN"))) -> OUT | T32: X
B33: 11 | C33: PPI | D33: 광주 | I33: 507BWS | J33: M002260 | K33: HEAT-WET | O33: =IF(AND(M33="",L33=""),"OUT",IF(M33="","IN",IF(TODAY()>M33+365,"OUT","IN"))) -> OUT | T33: X
I34: MAT501BW | J34: 20030623-PP-595 | K34: HEAT-WET | O34: =IF(AND(M34="",L34=""),"OUT",IF(M34="","IN",IF(TODAY()>M34+365,"OUT","IN"))) -> OUT | T34: X
B35: 12 | C35: SFA | D35: 기흥 | I35: MI2500 | J35: M001817 | K35: HEAT-WET | O35: =IF(AND(M35="",L35=""),"OUT",IF(M35="","IN",IF(TODAY()>M35+365,"OUT","IN"))) -> OUT | T35: X
B36: 13 | C36: SK 이노베이션 | I36: FCTO2000W | J36: M002594 | K36: FCTO | O36: =IF(AND(M36="",L36=""),"OUT",IF(M36="","IN",IF(TODAY()>M36+365,"OUT","IN"))) -> OUT | T36: X
B37: 14 | C37: SMP 삼성정밀화학 | D37: 울산 | I37: 1207BWA | J37: M002613 | K37: HEAT-WET | O37: =IF(AND(M37="",L37=""),"OUT",IF(M37="","IN",IF(TODAY()>M37+365,"OUT","IN"))) -> OUT | T37: X
B38: 15 | C38: STX 솔라 | D38: 구미 | I38: 507BWA | K38: HEAT-WET | O38: =IF(AND(M38="",L38=""),"OUT",IF(M38="","IN",IF(TODAY()>M38+365,"OUT","IN"))) -> OUT | T38: X
I39: 403W | J39: M002507 | K39: WET | O39: =IF(AND(M39="",L39=""),"OUT",IF(M39="","IN",IF(TODAY()>M39+365,"OUT","IN"))) -> OUT | T39: X
B40: 16 | C40: 가천대학교 | E40: 반도체대학 1층 크린룸 | F40: ALD | G40: TMA, CL2 | I40: 507BWS | J40: M007617 | K40: HEAT-WET | L40: 45784 | M40: 45818 | O40: =IF(AND(M40="",L40=""),"OUT",IF(M40="","IN",IF(TODAY()>M40+365,"OUT","IN"))) -> IN | P40: 1 | Q40: X | R40: X | S40: 칸탈 | T40: O
B41: 17 | C41: 경북과학기술원 | D41: 대구 | I41: 1207BWA | J41: M002441 | K41: HEAT-WET | O41: =IF(AND(M41="",L41=""),"OUT",IF(M41="","IN",IF(TODAY()>M41+365,"OUT","IN"))) -> OUT | P41: 2 | R41: O | T41: O
I42: 1207BWA | J42: M005275 | K42: HEAT-WET | O42: =IF(AND(M42="",L42=""),"OUT",IF(M42="","IN",IF(TODAY()>M42+365,"OUT","IN"))) -> OUT | P42: 4 | R42: O | T42: O
B43: 18 | C43: 경북대학교 반도체 융합 기술 연구원 | I43: 1201BW | J43: 20030522-SY-565 | K43: HEAT-WET | O43: =IF(AND(M43="",L43=""),"OUT",IF(M43="","IN",IF(TODAY()>M43+365,"OUT","IN"))) -> OUT | T43: X
B44: 19 | C44: 광전자 | D44: 익산 | I44: MAT501 | J44: 96/07/05-D-0059 | K44: HEAT-WET | O44: =IF(AND(M44="",L44=""),"OUT",IF(M44="","IN",IF(TODAY()>M44+365,"OUT","IN"))) -> OUT | T44: X
B45: 20 | C45: 광주과학기술원 | D45: 광주 | I45: MAT501 | K45: HEAT-WET | O45: =IF(AND(M45="",L45=""),"OUT",IF(M45="","IN",IF(TODAY()>M45+365,"OUT","IN"))) -> OUT | T45: X
B46: 21 | C46: 국가 핵융합연구소 | D46: 대전 | I46: 601PW | J46: M003150 | K46: PLASMA | M46: 42361 | O46: =IF(AND(M46="",L46=""),"OUT",IF(M46="","IN",IF(TODAY()>M46+365,"OUT","IN"))) -> OUT | T46: X
B47: 22 | C47: 국제일렉트릭코리아 | D47: 오산 | I47: MI2000 | J47: M001847 | K47: HEAT-WET | O47: =IF(AND(M47="",L47=""),"OUT",IF(M47="","IN",IF(TODAY()>M47+365,"OUT","IN"))) -> OUT | T47: X
I48: MAT501BW | J48: 20040415-HY-857 | K48: HEAT-WET | O48: =IF(AND(M48="",L48=""),"OUT",IF(M48="","IN",IF(TODAY()>M48+365,"OUT","IN"))) -> OUT | T48: X
I49: MAT501BW | J49: 20040415-HY-768 | K49: HEAT-WET | O49: =IF(AND(M49="",L49=""),"OUT",IF(M49="","IN",IF(TODAY()>M49+365,"OUT","IN"))) -> OUT | T49: X
D50: 진위 | F50: CVD | I50: 509HW | J50: M008154 | K50: HEAT-WET | L50: 45817 | M50: 45833 | O50: =IF(AND(M50="",L50=""),"OUT",IF(M50="","IN",IF(TODAY()>M50+365,"OUT","IN"))) -> IN | P50: 1 | Q50: O | R50: X | S50: 칸탈
F51: CVD | I51: 509HW | J51: M008155 | K51: HEAT-WET | L51: 45817 | M51: 45950 | O51: =IF(AND(M51="",L51=""),"OUT",IF(M51="","IN",IF(TODAY()>M51+365,"OUT","IN"))) -> IN | P51: 1 | Q51: X | R51: X | S51: 칸탈
F52: CVD | I52: 509HW | J52: M008156 | K52: HEAT-WET | L52: 45817 | M52: 45950 | O52: =IF(AND(M52="",L52=""),"OUT",IF(M52="","IN",IF(TODAY()>M52+365,"OUT","IN"))) -> IN | P52: 1 | Q52: X | R52: X | S52: 칸탈
B53: 23 | C53: 나노스 | D53: 성남 | I53: MAT501BW | J53: 20030215-SM-465 | K53: HEAT-WET | O53: =IF(AND(M53="",L53=""),"OUT",IF(M53="","IN",IF(TODAY()>M53+365,"OUT","IN"))) -> OUT | Q53: X | R53: X | S53: SIC | T53: O
B54: 24 | C54: 뉴파워플라즈마 | D54: 오산 | I54: 507BW | J54: M001226 | K54: HEAT-WET | O54: =IF(AND(M54="",L54=""),"OUT",IF(M54="","IN",IF(TODAY()>M54+365,"OUT","IN"))) -> OUT | T54: X
B55: 25 | C55: 데크카본 | I55: MI2500BW | J55: M007724 | K55: HEAT-WET | L55: 45596 | M55: 45596 | O55: =IF(AND(M55="",L55=""),"OUT",IF(M55="","IN",IF(TODAY()>M55+365,"OUT","IN"))) -> OUT | P55: 3 | Q55: O | R55: O | T55: O
B56: 26 | C56: 동우 화인켐 | D56: 평택 | E56: 2 라인 | F56: CVD | G56: NF3, N2O | H56: 4-B | I56: 603PW | J56: M008220 | K56: PLASMA | L56: 45943 | M56: 45947 | O56: =IF(AND(M56="",L56=""),"OUT",IF(M56="","IN",IF(TODAY()>M56+365,"OUT","IN"))) -> IN | P56: 1 | Q56: X | R56: X | S56: 3RD TORCH | T56: O | U56: 1207BWA 에서 603PW 로 교체
E57: 2 라인 | F57: CVD | G57: NF3, N2O | H57: 4-A | I57: 603PW | J57: M008222 | K57: PLASMA | L57: 45943 | M57: 45951 | O57: =IF(AND(M57="",L57=""),"OUT",IF(M57="","IN",IF(TODAY()>M57+365,"OUT","IN"))) -> IN | P57: 1 | Q57: X | R57: X | S57: 3RD TORCH | T57: O | U57: 1207BWA 에서 603PW 로 교체
E58: 2 라인 | F58: CVD | G58: NF3, N2O | H58: 4-D | I58: 603PW | J58: M008221 | K58: PLASMA | L58: 45943 | M58: 45947 | O58: =IF(AND(M58="",L58=""),"OUT",IF(M58="","IN",IF(TODAY()>M58+365,"OUT","IN"))) -> IN | P58: 1 | Q58: X | R58: X | S58: 3RD TORCH | T58: O | U58: 1207BWA 에서 603PW 로 교체
E59: 2 라인 | F59: CVD | G59: NF3, N2O | H59: 4-C | I59: 603PW | J59: M008223 | K59: PLASMA | L59: 45943 | M59: 45951 | O59: =IF(AND(M59="",L59=""),"OUT",IF(M59="","IN",IF(TODAY()>M59+365,"OUT","IN"))) -> IN | P59: 1 | Q59: X | R59: X | S59: 3RD TORCH | T59: O | U59: 1207BWA 에서 603PW 로 교체
E60: 2 라인 | F60: CVD | G60: NF3, N2O | H60: 5-A | I60: 603PW | J60: M008226 | K60: PLASMA | L60: 45943 | M60: 45960 | O60: =IF(AND(M60="",L60=""),"OUT",IF(M60="","IN",IF(TODAY()>M60+365,"OUT","IN"))) -> IN | P60: 1 | Q60: X | R60: X | S60: 3RD TORCH | T60: O | U60: 1207BWA 에서 603PW 로 교체
E61: 2 라인 | F61: CVD | G61: NF3, N2O | H61: 5-B | I61: 603PW | J61: M008224 | K61: PLASMA | L61: 45943 | M61: 45967 | O61: =IF(AND(M61="",L61=""),"OUT",IF(M61="","IN",IF(TODAY()>M61+365,"OUT","IN"))) -> IN | P61: 1 | Q61: X | R61: X | S61: 3RD TORCH | T61: O | U61: 1207BWA 에서 603PW 로 교체
E62: 2 라인 | F62: CVD | G62: NF3, N2O | H62: 5-C | I62: 603PW | J62: M008227 | K62: PLASMA | L62: 45943 | M62: 45960 | O62: =IF(AND(M62="",L62=""),"OUT",IF(M62="","IN",IF(TODAY()>M62+365,"OUT","IN"))) -> IN | P62: 1 | Q62: X | R62: X | S62: 3RD TORCH | T62: O | U62: 1207BWA 에서 603PW 로 교체
E63: 2 라인 | F63: CVD | G63: NF3, N2O | H63: 5-D | I63: 603PW | J63: M008225 | K63: PLASMA | L63: 45943 | M63: 45967 | O63: =IF(AND(M63="",L63=""),"OUT",IF(M63="","IN",IF(TODAY()>M63+365,"OUT","IN"))) -> IN | P63: 1 | Q63: X | R63: X | S63: 3RD TORCH | T63: O | U63: 1207BWA 에서 603PW 로 교체
E64: 2 라인 | F64: CVD | G64: NF3, N2O | H64: 6-A | I64: 603PW | J64: M008230 | K64: PLASMA | L64: 45943 | M64: 45974 | O64: =IF(AND(M64="",L64=""),"OUT",IF(M64="","IN",IF(TODAY()>M64+365,"OUT","IN"))) -> IN | P64: 1 | Q64: X | R64: X | S64: 3RD TORCH | T64: O | U64: 1207BWA 에서 603PW 로 교체
E65: 2 라인 | F65: CVD | G65: NF3, N2O | H65: 6-B | I65: 603PW | J65: M008228 | K65: PLASMA | L65: 45943 | M65: 45981 | O65: =IF(AND(M65="",L65=""),"OUT",IF(M65="","IN",IF(TODAY()>M65+365,"OUT","IN"))) -> IN | P65: 1 | Q65: X | R65: X | S65: 3RD TORCH | T65: O | U65: 1207BWA 에서 603PW 로 교체
E66: 2 라인 | F66: CVD | G66: NF3, N2O | H66: 6-C | I66: 603PW | J66: M008231 | K66: PLASMA | L66: 45943 | M66: 45974 | O66: =IF(AND(M66="",L66=""),"OUT",IF(M66="","IN",IF(TODAY()>M66+365,"OUT","IN"))) -> IN | P66: 1 | Q66: X | R66: X | S66: 3RD TORCH | T66: O | U66: 1207BWA 에서 603PW 로 교체
E67: 2 라인 | F67: CVD | G67: NF3, N2O | H67: 6-D | I67: 603PW | J67: M008229 | K67: PLASMA | L67: 45943 | M67: 45981 | O67: =IF(AND(M67="",L67=""),"OUT",IF(M67="","IN",IF(TODAY()>M67+365,"OUT","IN"))) -> IN | P67: 1 | Q67: X | R67: X | S67: 3RD TORCH | T67: O | U67: 1207BWA 에서 603PW 로 교체
E68: 3 라인 | F68: CVD | G68: NF3, N2O | H68: 7-A | I68: 603PW | J68: M006110 | K68: PLASMA | L68: 44469 | M68: 44476 | O68: =IF(AND(M68="",L68=""),"OUT",IF(M68="","IN",IF(TODAY()>M68+365,"OUT","IN"))) -> OUT | P68: 1 | Q68: X | R68: X | S68: 3RD TORCH | T68: O
E69: 3 라인 | F69: CVD | G69: NF3, N2O | H69: 7-B | I69: 603PW | J69: M006109 | K69: PLASMA | L69: 44469 | M69: 44511 | O69: =IF(AND(M69="",L69=""),"OUT",IF(M69="","IN",IF(TODAY()>M69+365,"OUT","IN"))) -> OUT | P69: 1 | Q69: X | R69: X | S69: 3RD TORCH | T69: O
E70: 3 라인 | F70: CVD | G70: NF3, N2O | H70: 7-C | I70: 603PW | J70: M006107 | K70: PLASMA | L70: 44469 | M70: 44476 | O70: =IF(AND(M70="",L70=""),"OUT",IF(M70="","IN",IF(TODAY()>M70+365,"OUT","IN"))) -> OUT | P70: 1 | Q70: X | R70: X | S70: 3RD TORCH | T70: O
E71: 3 라인 | F71: CVD | G71: NF3, N2O | H71: 7-D | I71: 603PW | J71: M006108 | K71: PLASMA | L71: 44469 | M71: 44511 | O71: =IF(AND(M71="",L71=""),"OUT",IF(M71="","IN",IF(TODAY()>M71+365,"OUT","IN"))) -> OUT | P71: 1 | Q71: X | R71: X | S71: 3RD TORCH | T71: O
E72: 3 라인 | F72: CVD | G72: NF3, N2O | H72: 8-A | I72: 603PW | J72: M006103 | K72: PLASMA | L72: 44469 | M72: 44497 | O72: =IF(AND(M72="",L72=""),"OUT",IF(M72="","IN",IF(TODAY()>M72+365,"OUT","IN"))) -> OUT | P72: 1 | Q72: X | R72: X | S72: 3RD TORCH | T72: O
E73: 3 라인 | F73: CVD | G73: NF3, N2O | H73: 8-B | I73: 603PW | J73: M006105 | K73: PLASMA | L73: 44469 | M73: 44504 | O73: =IF(AND(M73="",L73=""),"OUT",IF(M73="","IN",IF(TODAY()>M73+365,"OUT","IN"))) -> OUT | P73: 1 | Q73: X | R73: X | S73: 3RD TORCH | T73: O
E74: 3 라인 | F74: CVD | G74: NF3, N2O | H74: 8-C | I74: 603PW | J74: M006104 | K74: PLASMA | L74: 44469 | M74: 44497 | O74: =IF(AND(M74="",L74=""),"OUT",IF(M74="","IN",IF(TODAY()>M74+365,"OUT","IN"))) -> OUT | P74: 1 | Q74: X | R74: X | S74: 3RD TORCH | T74: O
E75: 3 라인 | F75: CVD | G75: NF3, N2O | H75: 8-D | I75: 603PW | J75: M006106 | K75: PLASMA | L75: 44469 | M75: 44504 | O75: =IF(AND(M75="",L75=""),"OUT",IF(M75="","IN",IF(TODAY()>M75+365,"OUT","IN"))) -> OUT | P75: 1 | Q75: X | R75: X | S75: 3RD TORCH | T75: O
B76: 27 | C76: 마이크로인피니티 | D76: 수원 | I76: 202BA | J76: 20041100-CT-1071 | K76: HEAT-WET | O76: =IF(AND(M76="",L76=""),"OUT",IF(M76="","IN",IF(TODAY()>M76+365,"OUT","IN"))) -> OUT | T76: O
B77: 28 | C77: 매그나칩 | D77: 청주 | K77: HEAT-WET | O77: =IF(AND(M77="",L77=""),"OUT",IF(M77="","IN",IF(TODAY()>M77+365,"OUT","IN"))) -> OUT | T77: X
K78: HEAT-WET | O78: =IF(AND(M78="",L78=""),"OUT",IF(M78="","IN",IF(TODAY()>M78+365,"OUT","IN"))) -> OUT | T78: X
K79: HEAT-WET | O79: =IF(AND(M79="",L79=""),"OUT",IF(M79="","IN",IF(TODAY()>M79+365,"OUT","IN"))) -> OUT | T79: X
K80: HEAT-WET | O80: =IF(AND(M80="",L80=""),"OUT",IF(M80="","IN",IF(TODAY()>M80+365,"OUT","IN"))) -> OUT | T80: X
K81: HEAT-WET | O81: =IF(AND(M81="",L81=""),"OUT",IF(M81="","IN",IF(TODAY()>M81+365,"OUT","IN"))) -> OUT | T81: X
K82: HEAT-WET | O82: =IF(AND(M82="",L82=""),"OUT",IF(M82="","IN",IF(TODAY()>M82+365,"OUT","IN"))) -> OUT | T82: X
K83: HEAT-WET | O83: =IF(AND(M83="",L83=""),"OUT",IF(M83="","IN",IF(TODAY()>M83+365,"OUT","IN"))) -> OUT | T83: X
K84: HEAT-WET | O84: =IF(AND(M84="",L84=""),"OUT",IF(M84="","IN",IF(TODAY()>M84+365,"OUT","IN"))) -> OUT | T84: X
K85: HEAT-WET | O85: =IF(AND(M85="",L85=""),"OUT",IF(M85="","IN",IF(TODAY()>M85+365,"OUT","IN"))) -> OUT | T85: X
D86: 구미 | K86: HEAT-WET | O86: =IF(AND(M86="",L86=""),"OUT",IF(M86="","IN",IF(TODAY()>M86+365,"OUT","IN"))) -> OUT | T86: X
K87: HEAT-WET | O87: =IF(AND(M87="",L87=""),"OUT",IF(M87="","IN",IF(TODAY()>M87+365,"OUT","IN"))) -> OUT | T87: X
K88: HEAT-WET | O88: =IF(AND(M88="",L88=""),"OUT",IF(M88="","IN",IF(TODAY()>M88+365,"OUT","IN"))) -> OUT | T88: X
K89: HEAT-WET | O89: =IF(AND(M89="",L89=""),"OUT",IF(M89="","IN",IF(TODAY()>M89+365,"OUT","IN"))) -> OUT | T89: X
K90: HEAT-WET | O90: =IF(AND(M90="",L90=""),"OUT",IF(M90="","IN",IF(TODAY()>M90+365,"OUT","IN"))) -> OUT | T90: X
K91: HEAT-WET | O91: =IF(AND(M91="",L91=""),"OUT",IF(M91="","IN",IF(TODAY()>M91+365,"OUT","IN"))) -> OUT | T91: X
B92: 29 | C92: 스카이웍스 | D92: 용인 | I92: 507BWS | J92: M002894 | K92: HEAT-WET | M92: 41937 | O92: =IF(AND(M92="",L92=""),"OUT",IF(M92="","IN",IF(TODAY()>M92+365,"OUT","IN"))) -> OUT | P92: 4 | Q92: X | R92: O | S92: 칸탈 | T92: X | U92: 우리 설비 안쓴다고 함(바이패스해서 쓴다고 함)
I93: 1207BW | J93: M003131 | K93: HEAT-WET | O93: =IF(AND(M93="",L93=""),"OUT",IF(M93="","IN",IF(TODAY()>M93+365,"OUT","IN"))) -> OUT | T93: X
B94: 30 | C94: 삼성종합기술원 | D94: 수원 | E94: 파일럿1동 1층 | I94: 507BWA | J94: M001850 | K94: HEAT-WET | O94: =IF(AND(M94="",L94=""),"OUT",IF(M94="","IN",IF(TODAY()>M94+365,"OUT","IN"))) -> OUT | Q94: x | T94: O
E95: 파일럿1동 1층 | F95: MOCVD | I95: 507BWA | J95: M001851 | K95: HEAT-WET | O95: =IF(AND(M95="",L95=""),"OUT",IF(M95="","IN",IF(TODAY()>M95+365,"OUT","IN"))) -> OUT | Q95: x | T95: O
E96: 연구4동 2층 | I96: FCTO703W | J96: M005391 | K96: FCTO | N96: 44673 | O96: =IF(AND(M96="",L96=""),"OUT",IF(M96="","IN",IF(TODAY()>M96+365,"OUT","IN"))) -> OUT | P96: 4 | Q96: x | T96: O
E97: 파일럿1동 1층 | I97: FCTO700W | J97: M004218 | K97: FCTO | O97: =IF(AND(M97="",L97=""),"OUT",IF(M97="","IN",IF(TODAY()>M97+365,"OUT","IN"))) -> OUT | P97: 3 | Q97: x | T97: O
B98: 31 | C98: 아이작 리서치 | D98: 대전 | I98: MAT551SDE | J98: M001992 | K98: ION | O98: =IF(AND(M98="",L98=""),"OUT",IF(M98="","IN",IF(TODAY()>M98+365,"OUT","IN"))) -> OUT | T98: X
B99: 32 | C99: 에피벨리 | D99: 구미 | I99: 1207BW | K99: HEAT-WET | O99: =IF(AND(M99="",L99=""),"OUT",IF(M99="","IN",IF(TODAY()>M99+365,"OUT","IN"))) -> OUT | T99: X
B100: 33 | C100: 엘디스 | D100: 수원 | I100: MAT501BW | K100: HEAT-WET | O100: =IF(AND(M100="",L100=""),"OUT",IF(M100="","IN",IF(TODAY()>M100+365,"OUT","IN"))) -> OUT | T100: X
B101: 34 | C101: 엠투엔 | D101: 용인 | I101: MAT501BW | J101: 20001220-MN-455 | K101: HEAT-WET | O101: =IF(AND(M101="",L101=""),"OUT",IF(M101="","IN",IF(TODAY()>M101+365,"OUT","IN"))) -> OUT | T101: X
...

Sheet 설비 Master Sheet(미사용)
H1: 총 모델설비 | I1: =COUNTA(I8:I10001) -> 303 | J1: 셋업일 없고 워렌티 아웃 | K1: =I2-I3 -> 98 | N1: 월별 유상설비 수량 | O1: 1월 | P1: 2월 | Q1: 3월 | R1: 4월 | S1: 5월 | T1: 6월
C2: 모델명 및 설비 TYPE 기존 기입 데이터 참고하여 기입 | H2: 총 SN설비 | I2: =COUNTA(J8:J10001) -> 272 | O2: =COUNTIFS($M$8:$M$10001,"<=" & EOMONTH(DATE(2025,1,1),-12))+$K$1 -> 240 | P2: =COUNTIFS($M$8:$M$10001,"<=" & EOMONTH(DATE(2025,2,1),-12))+$K$1 -> 241 | Q2: =COUNTIFS($M$8:$M$10001,"<=" & EOMONTH(DATE(2025,3,1),-12))+$K$1 -> 245 | R2: =COUNTIFS($M$8:$M$10001,"<=" & EOMONTH(DATE(2025,4,1),-12))+$K$1 -> 250 | S2: =COUNTIFS($M$8:$M$10001,"<=" & EOMONTH(DATE(2025,5,1),-12))+$K$1 -> 250 | T2: =COUNTIFS($M$8:$M$10001,"<=" & EOMONTH(DATE(2025,6,1),-12))+$K$1 -> 254
H3: 셋업일 표시설비 | I3: =COUNTA(M8:M602) -> 174 | J3: 워렌티 인 | K3: =COUNTIF(O8:O10001,"IN") -> 6 | O3: 7월 | P3: 8월 | Q3: 9월 | R3: 10월 | S3: 11월 | T3: 12월
J4: 워렌티 아웃 | O4: =COUNTIFS($M$8:$M$10001,"<=" & EOMONTH(DATE(2025,7,1),-12))+$K$1 -> 255 | P4: =COUNTIFS($M$8:$M$10001,"<=" & EOMONTH(DATE(2025,8,1),-12))+$K$1 -> 258 | Q4: =COUNTIFS($M$8:$M$10001,"<=" & EOMONTH(DATE(2025,9,1),-12))+$K$1 -> 259 | R4: =COUNTIFS($M$8:$M$10001,"<=" & EOMONTH(DATE(2025,10,1),-12))+$K$1 -> 260 | S4: =COUNTIFS($M$8:$M$10001,"<=" & EOMONTH(DATE(2025,11,1),-12))+$K$1 -> 261 | T4: =COUNTIFS($M$8:$M$10001,"<=" & EOMONTH(DATE(2025,12,1),-12))+$K$1 -> 263
B5: ■ 종합사이트 Master Sheet
B6: No | C6: 상호 | D6: 지역 | E6: 상세위치 | F6: 공정 | G6: 사용가스 | H6: 호기 | I6: MODEL | J6: S/N | K6: TYPE | L6: 반입일 | M6: Set-Up일 | N6: 이설 Set-Up일 | O6: WARRENTY | P6: Inlet 사용port | Q6: 외부 Tank 사용 여부 | R6: Blower | S6: Heater 종류 | T6: 방문이력 | U6: 비고/특이사항
B8: 1 | C8: AND | D8: 안성 | I8: 507BWA | J8: M002622 | K8: HEAT-WET | O8: =IF(M8="","OUT",IF(TODAY()>M8+365,"OUT","IN")) -> OUT | T8: X | U8: 파워마스터에 설비 판매 한 것으로 추정
B9: 2 | C9: AP System | D9: 오산 | I9: 507BWA | J9: M002442 | K9: HEAT-WET | O9: =IF(M9="","OUT",IF(TODAY()>M9+365,"OUT","IN")) -> OUT | T9: X
B10: 3 | C10: BJ Power | D10: 대전 | I10: 507BW | K10: HEAT-WET | O10: =IF(M10="","OUT",IF(TODAY()>M10+365,"OUT","IN")) -> OUT | T10: X
B11: 4 | C11: JNK | D11: 마도 | I11: 601PW | J11: M001842 | K11: PLASMA | O11: =IF(M11="","OUT",IF(TODAY()>M11+365,"OUT","IN")) -> OUT | T11: X
I12: 507BWA | K12: HEAT-WET | O12: =IF(M12="","OUT",IF(TODAY()>M12+365,"OUT","IN")) -> OUT | T12: X
B13: 5 | C13: Kanc | D13: 수원 | H13: EP-1172 | I13: 1207BW | J13: M001021 | K13: HEAT-WET | O13: =IF(M13="","OUT",IF(TODAY()>M13+365,"OUT","IN")) -> OUT | T13: X
D14: 수원 | I14: MAT501BW | J14: 970516-GS-0116 | K14: HEAT-WET | O14: =IF(M14="","OUT",IF(TODAY()>M14+365,"OUT","IN")) -> OUT | T14: X
B15: 6 | C15: KEC | D15: 구미 | I15: 507BWA | J15: M001762 | K15: HEAT-WET | O15: =IF(M15="","OUT",IF(TODAY()>M15+365,"OUT","IN")) -> OUT | P15: 2 | Q15: X | R15: O | S15: 칸탈 | T15: O
I16: 507BWA | J16: M001985 | K16: HEAT-WET | O16: =IF(M16="","OUT",IF(TODAY()>M16+365,"OUT","IN")) -> OUT | P16: 3 | Q16: X | R16: O | S16: 칸탈 | T16: O
I17: 507BW | J17: 20050331-KE-1158 | K17: HEAT-WET | O17: =IF(M17="","OUT",IF(TODAY()>M17+365,"OUT","IN")) -> OUT | Q17: X | R17: O | S17: 칸탈 | T17: O
F18: HTO | I18: 507BW | J18: 20050331-KE-1159 | K18: HEAT-WET | O18: =IF(M18="","OUT",IF(TODAY()>M18+365,"OUT","IN")) -> OUT | P18: 1 | Q18: X | R18: O | S18: 칸탈 | T18: O
F19: CVD | I19: 507BW | J19: 20050331-KE-1160 | K19: HEAT-WET | O19: =IF(M19="","OUT",IF(TODAY()>M19+365,"OUT","IN")) -> OUT | Q19: X | R19: O | S19: 칸탈 | T19: O
F20: POLY | I20: 507BW | J20: 20050331-KE-1161 | K20: HEAT-WET | O20: =IF(M20="","OUT",IF(TODAY()>M20+365,"OUT","IN")) -> OUT | Q20: X | R20: O | S20: 칸탈 | T20: O
F21: CVD | I21: 507BW | J21: 20050331-KE-1162 | K21: HEAT-WET | O21: =IF(M21="","OUT",IF(TODAY()>M21+365,"OUT","IN")) -> OUT | Q21: X | R21: O | S21: 칸탈 | T21: O
F22: ETCH | I22: 507BW | J22: 20050331-KE-1164 | K22: HEAT-WET | O22: =IF(M22="","OUT",IF(TODAY()>M22+365,"OUT","IN")) -> OUT | Q22: X | R22: O | S22: 칸탈 | T22: O
F23: GAS ROOM | I23: 507BW | J23: 20050331-KE-1165 | K23: HEAT-WET | O23: =IF(M23="","OUT",IF(TODAY()>M23+365,"OUT","IN")) -> OUT | Q23: X | R23: O | S23: 칸탈 | T23: O | U23: 가스룸 설비 (2025.05.12 추가)
F24: CVD | I24: 1207BW | J24: 20051215-KE-1307 | K24: HEAT-WET | O24: =IF(M24="","OUT",IF(TODAY()>M24+365,"OUT","IN")) -> OUT | Q24: X | R24: O | S24: 칸탈 | T24: O
F25: CVD | I25: 507BWS | J25: M006188 | K25: HEAT-WET | L25: 44624 | M25: 44642 | O25: =IF(M25="","OUT",IF(TODAY()>M25+365,"OUT","IN")) -> OUT | P25: 2 | Q25: X | R25: O | S25: 칸탈 | T25: O
F26: TEOS | I26: 507BWS | J26: M006499 | K26: HEAT-WET | L26: 44845 | M26: 44853 | O26: =IF(M26="","OUT",IF(TODAY()>M26+365,"OUT","IN")) -> OUT | P26: 1 | Q26: X | R26: O | S26: 칸탈 | T26: O
B27: 7 | C27: KIST | D27: 서울 | I27: MAT501BW | K27: HEAT-WET | O27: =IF(M27="","OUT",IF(TODAY()>M27+365,"OUT","IN")) -> OUT | P27: 4 | Q27: X | R27: X | S27: SIC | T27: O
I28: MAT501BW | J28: 20020520-KT-549 | K28: HEAT-WET | O28: =IF(M28="","OUT",IF(TODAY()>M28+365,"OUT","IN")) -> OUT | P28: 4 | Q28: X | R28: X | S28: SIC | T28: O
I29: MAT501BW | J29: 20031012-KI-458 | K29: HEAT-WET | O29: =IF(M29="","OUT",IF(TODAY()>M29+365,"OUT","IN")) -> OUT | P29: 4 | Q29: X | R29: X | S29: SIC | T29: O
B30: 8 | C30: LG전자기술 연구소 | D30: 서울 우면동 | I30: 1207BWA | J30: M001919 | K30: HEAT-WET | M30: 43069 | O30: =IF(M30="","OUT",IF(TODAY()>M30+365,"OUT","IN")) -> OUT | P30: - | Q30: - | R30: - | S30: - | T30: O
I31: 507BWS | J31: M002615 | K31: HEAT-WET | M31: 43069 | O31: =IF(M31="","OUT",IF(TODAY()>M31+365,"OUT","IN")) -> OUT | P31: - | Q31: - | R31: - | S31: - | T31: O
B32: 9 | C32: LG 화학 기술연구원 | D32: 대전 | I32: 507BWA | J32: M002581 | K32: HEAT-WET | O32: =IF(M32="","OUT",IF(TODAY()>M32+365,"OUT","IN")) -> OUT | T32: X
I33: 1501HW | J33: M006175 | K33: HEAT-WET | L33: 44544 | M33: 44573 | O33: =IF(M33="","OUT",IF(TODAY()>M33+365,"OUT","IN")) -> OUT | P33: 2 | Q33: X | R33: X | S33: 칸탈 | T33: O
B34: 10 | C34: SK 머티리얼즈 | D34: 영주 | I34: 1207BW | J34: M002097 | K34: HEAT-WET | O34: =IF(M34="","OUT",IF(TODAY()>M34+365,"OUT","IN")) -> OUT | T34: X
I35: MAT501 | K35: HEAT-WET | O35: =IF(M35="","OUT",IF(TODAY()>M35+365,"OUT","IN")) -> OUT | T35: X
D36: 군산 | I36: 1207BW | J36: M002089 | K36: HEAT-WET | O36: =IF(M36="","OUT",IF(TODAY()>M36+365,"OUT","IN")) -> OUT | T36: X
B37: 11 | C37: PPI | D37: 광주 | I37: 507BWS | J37: M002260 | K37: HEAT-WET | O37: =IF(M37="","OUT",IF(TODAY()>M37+365,"OUT","IN")) -> OUT | T37: X
I38: MAT501BW | J38: 20030623-PP-595 | K38: HEAT-WET | O38: =IF(M38="","OUT",IF(TODAY()>M38+365,"OUT","IN")) -> OUT | T38: X
B39: 12 | C39: SFA | D39: 기흥 | I39: MI2500 | J39: M001817 | K39: HEAT-WET | O39: =IF(M39="","OUT",IF(TODAY()>M39+365,"OUT","IN")) -> OUT | T39: X
B40: 13 | C40: SK 이노베이션 | I40: FCTO2000W | J40: M002594 | K40: FCTO | O40: =IF(M40="","OUT",IF(TODAY()>M40+365,"OUT","IN")) -> OUT | T40: X
B41: 14 | C41: SMP 삼성정밀화학 | D41: 울산 | I41: 1207BWA | J41: M002613 | K41: HEAT-WET | O41: =IF(M41="","OUT",IF(TODAY()>M41+365,"OUT","IN")) -> OUT | T41: X
B42: 15 | C42: STX 솔라 | D42: 구미 | I42: 507BWA | K42: HEAT-WET | O42: =IF(M42="","OUT",IF(TODAY()>M42+365,"OUT","IN")) -> OUT | T42: X
I43: 403W | J43: M002507 | K43: WET | O43: =IF(M43="","OUT",IF(TODAY()>M43+365,"OUT","IN")) -> OUT | T43: X
B44: 16 | C44: 가천대학교 | D44: 성남 | I44: MAT501BW | J44: 20021031-UT-533 | K44: HEAT-WET | O44: =IF(M44="","OUT",IF(TODAY()>M44+365,"OUT","IN")) -> OUT | S44: SIC | T44: O | U44: 장비 폐기 (2025, 04월)
E45: 반도체대학 1층 크린룸 | F45: ALD | G45: TMA, CL2 | I45: 507BWS | J45: M007617 | K45: HEAT-WET | L45: 45784 | M45: 45818 | O45: =IF(M45="","OUT",IF(TODAY()>M45+365,"OUT","IN")) -> IN | P45: 1 | Q45: X | R45: X | S45: 칸탈 | T45: O
B46: 17 | C46: 경북과학기술원 | D46: 대구 | I46: 1207BWA | J46: M002441 | K46: HEAT-WET | O46: =IF(M46="","OUT",IF(TODAY()>M46+365,"OUT","IN")) -> OUT | P46: 2 | R46: O | T46: O
I47: 1207BWA | J47: M005275 | K47: HEAT-WET | O47: =IF(M47="","OUT",IF(TODAY()>M47+365,"OUT","IN")) -> OUT | P47: 4 | R47: O | T47: O
B48: 18 | C48: 경북대학교 반도체 융합 기술 연구원 | I48: 1201BW | J48: 20030522-SY-565 | K48: HEAT-WET | O48: =IF(M48="","OUT",IF(TODAY()>M48+365,"OUT","IN")) -> OUT | T48: X
B49: 19 | C49: 광전자 | D49: 익산 | I49: MAT501 | J49: 96/07/05-D-0059 | K49: HEAT-WET | O49: =IF(M49="","OUT",IF(TODAY()>M49+365,"OUT","IN")) -> OUT | T49: X
B50: 20 | C50: 광주과학기술원 | D50: 광주 | I50: MAT501 | K50: HEAT-WET | O50: =IF(M50="","OUT",IF(TODAY()>M50+365,"OUT","IN")) -> OUT | T50: X
B51: 21 | C51: 한국핵융합에너지연구원 | D51: 대전 | I51: 507BWA | J51: M001849 | K51: HEAT-WET | M51: - | O51: =IF(M51="","OUT",IF(TODAY()>M51+365,"OUT","IN")) -> #VALUE! | P51: 4 | Q51: X | R51: X | S51: 칸탈 | T51: O | U51: 장기 미사용(사용계획 아직 없음)
B52: 22 | C52: 국제일렉트릭코리아 | D52: 오산 | I52: MI2000 | J52: M001847 | K52: HEAT-WET | O52: =IF(M52="","OUT",IF(TODAY()>M52+365,"OUT","IN")) -> OUT | T52: X
I53: MAT501BW | J53: 20040415-HY-857 | K53: HEAT-WET | O53: =IF(M53="","OUT",IF(TODAY()>M53+365,"OUT","IN")) -> OUT | T53: X
I54: MAT501BW | J54: 20040415-HY-768 | K54: HEAT-WET | O54: =IF(M54="","OUT",IF(TODAY()>M54+365,"OUT","IN")) -> OUT | T54: X
B55: 23 | C55: 나노스 | D55: 성남 | I55: MAT501BW | J55: 20030215-SM-465 | K55: HEAT-WET | O55: =IF(M55="","OUT",IF(TODAY()>M55+365,"OUT","IN")) -> OUT | Q55: X | R55: X | S55: SIC | T55: O
D56: 화성 | I56: 507BWS | J56: M006496 | K56: HEAT-WET | M56: 44678 | O56: =IF(M56="","OUT",IF(TODAY()>M56+365,"OUT","IN")) -> OUT | P56: 4 | Q56: X | S56: 칸탈 | T56: X
B57: 24 | C57: 뉴파워플라즈마 | D57: 오산 | I57: 507BW | J57: M001226 | K57: HEAT-WET | O57: =IF(M57="","OUT",IF(TODAY()>M57+365,"OUT","IN")) -> OUT | T57: X
B58: 25 | C58: 데크카본 | D58: 전주 | I58: MI2000 | J58: M002176 | K58: HEAT-WET | O58: =IF(M58="","OUT",IF(TODAY()>M58+365,"OUT","IN")) -> OUT | T58: O | U58: 2024.10.31 철거 진행
I59: MI2500BW | J59: M007724 | K59: HEAT-WET | L59: 45596 | M59: 45596 | O59: =IF(M59="","OUT",IF(TODAY()>M59+365,"OUT","IN")) -> OUT | P59: 3 | Q59: O | R59: O | T59: O
B60: 26 | C60: 동우 화인켐 | D60: 평택 | E60: 2 라인 | H60: 4-A | I60: 1207BWA | J60: M002638 | K60: HEAT-WET | O60: =IF(M60="","OUT",IF(TODAY()>M60+365,"OUT","IN")) -> OUT | P60: 2 | Q60: X | R60: X | S60: 칸탈 | T60: O
E61: 2 라인 | H61: 4-B | I61: 1207BWA | J61: M002639 | K61: HEAT-WET | O61: =IF(M61="","OUT",IF(TODAY()>M61+365,"OUT","IN")) -> OUT | P61: 2 | Q61: X | R61: X | S61: 칸탈 | T61: O
E62: 2 라인 | H62: 4-C | I62: 1207BWA | J62: M002640 | K62: HEAT-WET | O62: =IF(M62="","OUT",IF(TODAY()>M62+365,"OUT","IN")) -> OUT | P62: 2 | Q62: X | R62: X | S62: 칸탈 | T62: O
E63: 2 라인 | H63: 4-D | I63: 1207BWA | J63: M002641 | K63: HEAT-WET | O63: =IF(M63="","OUT",IF(TODAY()>M63+365,"OUT","IN")) -> OUT | P63: 2 | Q63: X | R63: X | S63: 칸탈 | T63: O
E64: 2 라인 | H64: 5-A | I64: 1207BWA | J64: M002642 | K64: HEAT-WET | O64: =IF(M64="","OUT",IF(TODAY()>M64+365,"OUT","IN")) -> OUT | P64: 2 | Q64: X | R64: X | S64: 칸탈 | T64: O
E65: 2 라인 | H65: 5-B | I65: 1207BWA | J65: M002643 | K65: HEAT-WET | O65: =IF(M65="","OUT",IF(TODAY()>M65+365,"OUT","IN")) -> OUT | P65: 2 | Q65: X | R65: X | S65: 칸탈 | T65: O
E66: 2 라인 | H66: 5-C | I66: 1207BWA | J66: M002644 | K66: HEAT-WET | O66: =IF(M66="","OUT",IF(TODAY()>M66+365,"OUT","IN")) -> OUT | P66: 2 | Q66: X | R66: X | S66: 칸탈 | T66: O
E67: 2 라인 | H67: 5-D | I67: 1207BWA | J67: M002645 | K67: HEAT-WET | O67: =IF(M67="","OUT",IF(TODAY()>M67+365,"OUT","IN")) -> OUT | P67: 2 | Q67: X | R67: X | S67: 칸탈 | T67: O
E68: 2 라인 | H68: 6-A | I68: 1207BWA | J68: M002646 | K68: HEAT-WET | O68: =IF(M68="","OUT",IF(TODAY()>M68+365,"OUT","IN")) -> OUT | P68: 2 | Q68: X | R68: X | S68: 칸탈 | T68: O
E69: 2 라인 | H69: 6-B | I69: 1207BWA | J69: M002647 | K69: HEAT-WET | O69: =IF(M69="","OUT",IF(TODAY()>M69+365,"OUT","IN")) -> OUT | P69: 2 | Q69: X | R69: X | S69: 칸탈 | T69: O
E70: 2 라인 | H70: 6-C | I70: 1207BWA | J70: M002648 | K70: HEAT-WET | O70: =IF(M70="","OUT",IF(TODAY()>M70+365,"OUT","IN")) -> OUT | P70: 2 | Q70: X | R70: X | S70: 칸탈 | T70: O
E71: 2 라인 | H71: 6-D | I71: 1207BWA | J71: M002649 | K71: HEAT-WET | O71: =IF(M71="","OUT",IF(TODAY()>M71+365,"OUT","IN")) -> OUT | P71: 2 | Q71: X | R71: X | S71: 칸탈 | T71: O
E72: 3 라인 | F72: CVD | G72: NF3, N2O | H72: 7-A | I72: 603PW | J72: M006110 | K72: PLASMA | M72: 44476 | O72: =IF(M72="","OUT",IF(TODAY()>M72+365,"OUT","IN")) -> OUT | P72: 2 | Q72: X | R72: X | S72: 3RD TORCH | T72: O
E73: 3 라인 | F73: CVD | G73: NF3, N2O | H73: 7-B | I73: 603PW | J73: M006109 | K73: PLASMA | M73: 44511 | O73: =IF(M73="","OUT",IF(TODAY()>M73+365,"OUT","IN")) -> OUT | P73: 2 | Q73: X | R73: X | S73: 3RD TORCH | T73: O
E74: 3 라인 | F74: CVD | G74: NF3, N2O | H74: 7-C | I74: 603PW | J74: M006107 | K74: PLASMA | M74: 44476 | O74: =IF(M74="","OUT",IF(TODAY()>M74+365,"OUT","IN")) -> OUT | P74: 2 | Q74: X | R74: X | S74: 3RD TORCH | T74: O
E75: 3 라인 | F75: CVD | G75: NF3, N2O | H75: 7-D | I75: 603PW | J75: M006108 | K75: PLASMA | M75: 44511 | O75: =IF(M75="","OUT",IF(TODAY()>M75+365,"OUT","IN")) -> OUT | P75: 2 | Q75: X | R75: X | S75: 3RD TORCH | T75: O
E76: 3 라인 | F76: CVD | G76: NF3, N2O | H76: 8-A | I76: 603PW | J76: M006103 | K76: PLASMA | M76: 44497 | O76: =IF(M76="","OUT",IF(TODAY()>M76+365,"OUT","IN")) -> OUT | P76: 2 | Q76: X | R76: X | S76: 3RD TORCH | T76: O
E77: 3 라인 | F77: CVD | G77: NF3, N2O | H77: 8-B | I77: 603PW | J77: M006105 | K77: PLASMA | M77: 44504 | O77: =IF(M77="","OUT",IF(TODAY()>M77+365,"OUT","IN")) -> OUT | P77: 2 | Q77: X | R77: X | S77: 3RD TORCH | T77: O
E78: 3 라인 | F78: CVD | G78: NF3, N2O | H78: 8-C | I78: 603PW | J78: M006104 | K78: PLASMA | M78: 44497 | O78: =IF(M78="","OUT",IF(TODAY()>M78+365,"OUT","IN")) -> OUT | P78: 2 | Q78: X | R78: X | S78: 3RD TORCH | T78: O
E79: 3 라인 | F79: CVD | G79: NF3, N2O | H79: 8-D | I79: 603PW | J79: M006106 | K79: PLASMA | M79: 44504 | O79: =IF(M79="","OUT",IF(TODAY()>M79+365,"OUT","IN")) -> OUT | P79: 2 | Q79: X | R79: X | S79: 3RD TORCH | T79: O
B80: 27 | C80: 마이크로인피니티 | D80: 수원 | I80: 202BA | J80: 20041100-CT-1071 | K80: HEAT-WET | O80: =IF(M80="","OUT",IF(TODAY()>M80+365,"OUT","IN")) -> OUT | T80: O
B81: 28 | C81: 매그나칩 | D81: 청주 | K81: HEAT-WET | O81: =IF(M81="","OUT",IF(TODAY()>M81+365,"OUT","IN")) -> OUT | T81: X
K82: HEAT-WET | O82: =IF(M82="","OUT",IF(TODAY()>M82+365,"OUT","IN")) -> OUT | T82: X
K83: HEAT-WET | O83: =IF(M83="","OUT",IF(TODAY()>M83+365,"OUT","IN")) -> OUT | T83: X
K84: HEAT-WET | O84: =IF(M84="","OUT",IF(TODAY()>M84+365,"OUT","IN")) -> OUT | T84: X
K85: HEAT-WET | O85: =IF(M85="","OUT",IF(TODAY()>M85+365,"OUT","IN")) -> OUT | T85: X
K86: HEAT-WET | O86: =IF(M86="","OUT",IF(TODAY()>M86+365,"OUT","IN")) -> OUT | T86: X
K87: HEAT-WET | O87: =IF(M87="","OUT",IF(TODAY()>M87+365,"OUT","IN")) -> OUT | T87: X
K88: HEAT-WET | O88: =IF(M88="","OUT",IF(TODAY()>M88+365,"OUT","IN")) -> OUT | T88: X
K89: HEAT-WET | O89: =IF(M89="","OUT",IF(TODAY()>M89+365,"OUT","IN")) -> OUT | T89: X
D90: 구미 | K90: HEAT-WET | O90: =IF(M90="","OUT",IF(TODAY()>M90+365,"OUT","IN")) -> OUT | T90: X
K91: HEAT-WET | O91: =IF(M91="","OUT",IF(TODAY()>M91+365,"OUT","IN")) -> OUT | T91: X
K92: HEAT-WET | O92: =IF(M92="","OUT",IF(TODAY()>M92+365,"OUT","IN")) -> OUT | T92: X
K93: HEAT-WET | O93: =IF(M93="","OUT",IF(TODAY()>M93+365,"OUT","IN")) -> OUT | T93: X
K94: HEAT-WET | O94: =IF(M94="","OUT",IF(TODAY()>M94+365,"OUT","IN")) -> OUT | T94: X
K95: HEAT-WET | O95: =IF(M95="","OUT",IF(TODAY()>M95+365,"OUT","IN")) -> OUT | T95: X
B96: 29 | C96: 스카이웍스 | D96: 용인 | I96: 507BWS | J96: M002894 | K96: HEAT-WET | M96: 41937 | O96: =IF(M96="","OUT",IF(TODAY()>M96+365,"OUT","IN")) -> OUT | P96: 4 | Q96: X | R96: O | S96: 칸탈 | T96: X | U96: 우리 설비 안쓴다고 함(바이패스해서 쓴다고 함)
I97: 1207BW | J97: M003131 | K97: HEAT-WET | O97: =IF(M97="","OUT",IF(TODAY()>M97+365,"OUT","IN")) -> OUT | T97: X
B98: 30 | C98: 삼성종합기술원 | D98: 수원 | E98: 파일럿1동 1층 | I98: 507BWA | J98: M001850 | K98: HEAT-WET | O98: =IF(M98="","OUT",IF(TODAY()>M98+365,"OUT","IN")) -> OUT | Q98: x | T98: O
E99: 파일럿1동 1층 | F99: MOCVD | I99: 507BWA | J99: M001851 | K99: HEAT-WET | O99: =IF(M99="","OUT",IF(TODAY()>M99+365,"OUT","IN")) -> OUT | Q99: x | T99: O
E100: 연구4동 2층 | I100: FCTO703W | J100: M005391 | K100: FCTO | N100: 44673 | O100: =IF(M100="","OUT",IF(TODAY()>M100+365,"OUT","IN")) -> OUT | P100: 4 | Q100: x | T100: O
E101: 파일럿1동 1층 | I101: FCTO700W | J101: M004218 | K101: FCTO | O101: =IF(M101="","OUT",IF(TODAY()>M101+365,"OUT","IN")) -> OUT | P101: 3 | Q101: x | T101: O
...

Sheet 철거 및 이설 장비

Sheet 담당자
B2: 업체명 | C2: 담당자 | D2: 직급 | E2: 연락처 | F2: 이메일 주소
B3: AND
B4: AP System
B5: BJ Power
B6: JNK
B7: Kanc
B8: KEC | C8: 김영효 | D8: 미확인 | E8: 010-5604-0567
C9: 임영만 | D9: 기사 | E9: 010 7188 2453
C10: 김상훈 | D10: 미확인 | E10: 010-9286-6538 | F10: kimsh@kec.co.kr
C11: 박성준 | D11: 사원 | E11: 010-7212-3245
C12: 박재현 | D12: 미확인 | E12: 010-4899-2528
C13: 정성욱 | D13: 미확인 | E13: 010-3087-0312
C14: 정현택 | D14: 기사 | E14: 010-5171-6170
B15: KIST | C15: 남기훈 | D15: 미확인 | E15: 010-8863-7887
B16: LG전자기술 연구소
B17: LG 화학 기술연구원 | C17: 강수희 | D17: 책임 | E17: 010-6275-0356 | F17: kennt@lgchem.com
B18: SK 머티리얼즈
B20: PPI
B21: SFA
B22: SK 이노베이션
B23: SMP 삼성정밀화학
B24: STX 솔라
B25: 가천대학교 | C25: 김기락 | E25: 010-2654-8061
C26: 이동운 | D26: 학생 | E26: 010-9270-1386 | F26: grw04214@gachon.ac.kr
C27: 이동현 | D27: 학생 | E27: 010-4817-8769
C28: 조의식 | D28: 교수 | F28: es.cho@gachon.ac.kr
B29: 경북과학기술원 | C29: 손대호 | D29: 연구원 | E29: 010-6370-4203
B30: 경북대학교 반도체 융합 기술 연구원
B31: 광전자
B32: 광주과학기술원
B33: 국가 핵융합연구소
B34: 국제일렉트릭코리아 (오산) | C34: 이연호 | D34: 영업팀 | E34: 031-8015-8389
B35: 국제일렉트릭코리아 (진위) | C35: 박종선 | D35: PL | E35: 010-3354-5935 | F35: jongsun.park@kokusai-electric.com
B36: 나노스 | C36: 박경환 | D36: 과장 | E36: 010-5769-0817
C37: 석원빈 | D37: 주임 | E37: 010-2445-7838 | F37: tututu1425@nanosm.com
C38: 김명래 | D38: 주임 | E38: 010-6423-8015
B39: 뉴파워플라즈마
B40: 데크 | C40: 권향주 | D40: 미확인 | E40: 010-2686-3676 | F40: khj86@dacc21.com
B41: 동우 화인켐 | C41: 김재욱 | D41: 선임 | E41: 010-4767-3167 | F41: jaewookkim@dwchem.co.kr
C42: 윤익진 | D42: 선임 | E42: 010-6296-5088 | F42: yoonij@dwchem.co.kr
C43: 김관상 | D43: 기장 | F43: kwansangkim@dwchem.co.kr
B44: 마이크로인피니티 | C44: 이성열 | D44: 책임 | E44: 010-9073-7702 | F44: sllee@minfinity.com
B45: 매그나칩
B46: 스카이웍스 | C46: 강푸름 | D46: 과장 | E46: 010-6505-3500 | F46: PuRuem.Kang@skyworksinc.com
B47: 삼성종합기술원 | C47: 변승환 | D47: 프로 | E47: 010 5841 5477
C48: 유민석 | D48: 프로 | E48: 010-7577-8913 | F48: minseok9.yoo@samsung.com
C49: 이충희 | D49: 프로 | E49: 010-9880-0701
C50: 정아름 | D50: 프로 | E50: 010-4902-4395 | F50: al.jung@samsung.com
B51: 아이작 리서치
B52: 에피벨리
B53: 엘디스
B54: 엠투엔
B55: 연세대
B56: 연세대 바이오 센터
B57: 예일전자
B58: 오덱 | C58: 김재규 | D58: 대리 | E58: 010-6886-3746 | F58: jaekyu.kim@ap.umicore.com
B59: 요업기술원
B60: 워렌텍
B61: 이피웍스
B62: 재료연구소 | C62: 권정대 | D62: 책임 | E62: 010-4525-8268 | F62: jdswon@kims.re.kr
C63: 최수원 | D63: 미확인 | E63: 010-9722-9948
B64: 전남테크노파크
B65: 주성
B66: 충남대학교 | C66: 조영준 | D66: 미확인 | E66: 010-9406-0291
B67: 카이스트
B68: 테스 | C68: 조석정 | D68: 책임 | E68: 010-4017-2793 | F68: sjcho@hites.co.kr
C69: 손기욱 | D69: 대리 | E69: 010-3802-8710
B70: 트리노테크놀로지 | C70: 강석원 | D70: 부장 | E70: 010-3005-1401 | F70: ksw2652@trinnotech.com
B71: 온세미 컨덕터 | C71: 여광구 | D71: 부장 | E71: 010-3740-9051 | F71: Kwanggu.Yeo@onsemi.com
C72: 김대겸 | D72: 부장 | E72: 010-9394-7319 | F72: Daekyum.Kim@onsemi.com
C73: 조용군 | D73: 부장 | E73: 010-2011-4314 | F73: albert.cho@onsemi.com
C74: 김일남 | D74: 부장 | E74: 010-5702-6428 | F74: Ilnam.Kim@onsemi.com
C75: 서준배 | D75: 주임 | E75: 010-2272-6943 | F75: Junbae.Seo@onsemi.com
C76: 박준용 | D76: 주임 | E76: 010-9184-6131 | F76: junyong.park@onsemi.com
C77: 윤문성 | D77: 부장 | E77: 010-6219-9811 | F77: Munsung.Youn@onsemi.com
C78: 최현섭 | D78: 부장 | F78: Hyunseob.Choi@onsemi.com
C79: 최진구 | D79: 차장 | E79: 010-4304-7149
C80: 이길남 | D80: 과장 | E80: 010-2207-0840
C81: 김정훈 | D81: 과장 | E81: 010-9273-7902
C82: 이연삼 | D82: 부장 | E82: 010-2041-4477
C83: 이정한 | D83: 주임 | E83: 010-4240-7952
C84: 박천수 | D84: 부장 | E84: 010-7999-2423
C85: 배동규 | D85: 과장 | E85: 010-6411-1298
B86: 포항공대 | C86: 조원석 | E86: 010-9452-6543
B87: 하이디스
B88: 한국생산기술연구원 | C88: 이호년 | E88: 010-8182-1121
C89: 변철수 | D89: 박사 | E89: 010-6875-8454
B90: 한국세라믹기술원 | C90: 선주형 | D90: 연구원 | E90: 010-5505-4079
B91: 한국알박 | C91: 배진주 | D91: 미확인 | E91: 010-7597-3161
C92: 양지혜 | D92: 미확인 | E92: 010-9334-0527
B93: 한국에너지기술 연구소
B94: 한국에너지기술원 | C94: 이아름 | D94: 연구원 | E94: 010-9394-4682
B95: 한국표준과학연구원
B96: 한양대 | E96: 010-4933-3479
B97: 호서대 | C97: 이종모 | D97: 박사 | E97: 010-7182-0018
B98: 메카로 | C98: 진창현 | D98: 과장 | E98: 010-6216-2353 | F98: chjin@mecaro.com
C99: 권해용 | D99: 책임 | E99: 010-5575-0607
C100: 이철민 | D100: 선임 | E100: 010-8518-5777 | F100: cmlee@mecaro.com
C101: 김경문 | D101: 선임 | E101: 010-2668-2191 | F101: kmkim@mecaro.com
C102: 이동근 | D102: 미확인 | E102: 010-4049-6442
...

Sheet 작업프로세스

Sheet KPI 관리고객사
B2: 상호 | C2: 지역 | D2: MODEL | E2: MODEL별 수량 | F2: 업체별 MODEL 함산수량 | G2: 우선순위 | H2: 방문이력 | I2: 담당자 | J2: 담당자 연락처
B3: 온세미 컨덕터 | C3: 부천 | D3: 507BW, 507BWA, P260HW, 507BWS, 1701HW, MI2500BW | E3: 507BW 1대, 507BWA 5대, P260HW 1대, 507BWS 9대, 1701HW 24대, MI2500BW 4대 | F3: 44 | G3: 1 | H3: O | I3: 윤상우 선임 | J3: 010-6797-4525
B4: 파워마스터 | C4: 충북 오창 | D4: 507BWA | E4: 507BWA 36대 | F4: 36 | G4: 2 | H4: O | I4: 김선일 과장 | J4: 010-2747-7571
B5: 동우 화인켐 | C5: 평택 | D5: 1207BWA , 603PW | E5: 1207BWA 12대 , 603PW 8대 | F5: 20 | G5: 3 | H5: O | I5: 김재욱 선임 | J5: 010-4767-3167
B6: 테스 | C6: 용인 | D6: 507BWA, 1207BWA | E6: 507BWA 5대, 1207BWA 9대 | F6: 14 | G6: 4 | H6: O | I6: 조석정 | J6: 010-4017-2793
B7: KEC | C7: 구미 | D7: 507BWA, 507BW, 1207BW, 507BWS | E7: 507BWA 2대, 507BW 6대, 1207BW 1대, 507BWS 2대 | F7: 11 | G7: 5 | H7: O | I7: 임영만 기사 | J7: 010 7188 2453
B8: LG전자(마곡) | C8: 서울/마곡 | D8: 1207BW, ION, 601WPW, 1207BWA, MI2500BW, 507BWS | E8: 1207BW 1대, ION 2대, 601WPW 2대, 1207BWA 1대, MI2500BW 1대, 507BWS 1대 | F8: 8 | G8: 6 | H8: O | I8: 안홍준 선임 | J8: 010-5097-3436
B9: 동부하이텍 | C9: 부천 | D9: 507BWS | E9: 507BWS 7대 | F9: 7 | G9: 7 | H9: O | I9: 박민규 선임 | J9: 010-5097-3436
B10: (주)미래보 | C10: 평택 | D10: 507BWS, 1207BWA, 1701HW | E10: 507BWS 2대, 1207BWA 2대, 1701HW 2대 | F10: 6 | G10: 8 | H10: O | I10: 문성식 과장 | J10: 010 3949 3554
B11: 주성 RND 센터 | C11: 용인 | D11: 508BWA | E11: 508BWA 2대, 1207BWA 3대 | F11: 5 | G11: 9 | H11: O | I11: 소중원 PL | J11: 010-5446-4182
B12: MEMC코리아 | C12: 천안 | D12: FCTO700W, 509HW, 502W | E12: FCTO700W 3대, 509HW 1대, 502W 1대 | F12: 5 | G12: 10 | H12: O | I12: 이춘기 수석 | J12: 010-8755-3531
B13: 메카로 | C13: 음성 (성본) | D13: MI2500BW | E13: MI2500BW 5대 | F13: 5 | G13: 11 | H13: O | I13: 홍준철 이사 | J13: 010-9311-1251
B14: 삼성종합기술원 | C14: 수원 | D14: 507BWA, FCTO703W | E14: 507BWA 2대, FCTO703W 2대 | F14: 4 | G14: 12 | H14: O | I14: 유민석 프로 | J14: 010-7577-8913
... B18: 국제일렉트릭코리아 | C18: 오산 | D18: MI2000, MAT501BW | E18: MI2000 1대, MAT501BW 2대 | F18: 3 | G18: 16 | H18: X | I18: 이연호 영업팀 | J18: 031-8015-8389
B19: SK 머티리얼즈 | C19: 영주 | D19: 1207BW, MAT501 | E19: 1207BW 2대, MAT501 1대 | F19: 3 | G19: 17 | H19: X
B20: 주성 | C20: 경기 광주 | D20: MI2000, 1207BW, MAT501BW | E20: MI2000 1대, 1207BW 1대, MAT501BW 1대 | F20: 3 | G20: 18 | H20: X
B21: 나노스 | C21: 성남 | D21: MAT501BW, 507BWS | E21: MAT501BW 1대, 507BWS 1대 | F21: 2 | G21: 19 | H21: O | I21: 석원빈 주임 | J21: 010-2445-7838
B22: 한국소화화학 | C22: 안성 | D22: FCTO3001W | E22: FCTO3001W 2대 | F22: 2 | G22: 20 | H22: O | I22: 나영복 차장 | J22: 010-3146-1834
B23: LG 화학 기술연구원 | C23: 대전 | D23: 507BWA, 1501HW | E23: 507BWA 1대, 1501HW 1대 | F23: 2 | G23: 21 | H23: X | I23: 강수희 책임 | J23: 010-6275-0356
B24: 경북과학기술원 | C24: 대구 | D24: 1207BWA | E24: 1207BWA 2대 | F24: 2 | G24: 22 | H24: O | I24: 손대효 연구원 | J24: 010-6370-4203
B25: 한국생산기술연구원 | C25: 안산 | D25: 507BWA | E25: 507BWA 2대 | F25: 2 | G25: 23 | H25: O | I25: 변철수 박사 | J25: 010-6875-8454
B26: LG전자기술 연구소 | C26: 서울 우면동 | D26: 1207BWA, 507BWS | E26: 1207BWA 1대, 507BWS 1대 | F26: 2 | G26: 24 | H26: O
B27: PPI | C27: 광주 | D27: 507BWS, MAT501BW | E27: 507BWS 1대, MAT501BW 1대 | F27: 2 | G27: 25 | H27: X
B28: STX 솔라 | C28: 구미 | D28: 507BWA, 403W | E28: 507BWA 1대, 403W 1대 | F28: 2 | G28: 26 | H28: X
B29: 엘오티씨이에스(클린팩터스) | C29: 오산 | D29: 507BWS | E29: 50BWS 1대 | F29: 1 | G29: 27 | H29: O | I29: 김형준 선임 | J29: 010 2017 6237
B30: ㈜아르케 | C30: 용인 | D30: MI2000BW | E30: MI2000BW 1대 | F30: 1 | G30: 28 | H30: O | I30: 노병훈 이사 | J30: 010 5555 0855
B31: 비아트론 | C31: 수원 | D31: MI2000BW | E31: MI2000BW 1대 | F31: 1 | G31: 29 | H31: O | I31: 이남천 차장 | J31: 010 8702 3106
B32: 피니사르대전 유한회사 | C32: 대전 | D32: 507BWS | E32: 507BWS 1대 | F32: 1 | G32: 30 | H32: O | I32: 이영수 부장 | J32: 010-2030-8764
B33: 데크카본 | C33: 전주 | D33: MI2500BW | E33: MI2500BW 1대 | F33: 1 | G33: 31 | H33: O | I33: 권향주 책임 | J33: 010-2686-3676
B34: 트리노테크놀로지 | C34: 서울 | D34: 507BW | E34: 507BW 1대 | F34: 1 | G34: 32 | H34: O | I34: 강석원 부장 | J34: 010-3005-1401
B35: 선익시스템 | C35: 수원 | D35: 1207BWA | E35: 1207BWA 1대 | F35: 1 | G35: 33 | H35: O | I35: 김영석 대리 | J35: 010-3139-9413
B36: 휴민텍 | C36: 천안 | D36: 502W | E36: 502W 1대 | F36: 1 | G36: 34 | H36: O | I36: 최영락 선임 | J36: 010-3895-7039
B37: 재료연구소 | C37: 창원 | D37: 507BWA | E37: 507BWA 1대 | F37: 1 | G37: 35 | H37: X | I37: 권정대 책임 | J37: 010-4525-8268
B38: SK실트론 | C38: 구미 | D38: 508BWA | E38: 508BWA 1대 | F38: 1 | G38: 36 | H38: O | I38: 이창규 프로 | J38: 010-4643-9911
B39: 조선대학교 | C39: 광주 | D39: 507BWA | E39: 507BWA 1대 | F39: 1 | G39: 37 | H39: O | I39: 최태용 | J39: 010-4913-4002
B40: 한국화학연구원 | C40: 대전 | D40: 507BW | E40: 507BW 1대 | F40: 1 | G40: 38 | H40: O | I40: 연구원 | J40: 010-5306-5759
... B52: 한화큐셀 (HTS) | C52: 진천 | D52: 601WPW | E52: 601WPW 1대 | F52: 1 | G52: 50 | H52: O | I52: 김상우 조장 | J52: 010-9944-1003
B53: AP System | C53: 오산 | D53: 507BWA | E53: 507BWA 1대 | F53: 1 | G53: 51 | H53: X
B54: BJ Power | C54: 대전 | D54: 507BW | E54: 507BW 1대 | F54: 1 | G54: 52 | H54: X
B55: JNK | C55: 마도 | D55: 601PW | E55: 601PW 1대 | F55: 1 | G55: 53 | H55: X
B56: JNK | C56: 마도 | D56: 507BWA | E56: 507BWA 1대 | F56: 1 | G56: 54 | H56: X
B57: Kanc | C57: 수원 | D57: 1207BW | E57: 1207BW 1대 | F57: 1 | G57: 55 | H57: X
B58: Kanc | C58: 수원 | D58: MAT501BW | E58: MAT501BW 1대 | F58: 1 | G58: 56 | H58: X
B59: SFA | C59: 기흥 | D59: MI2500 | E59: MI2500 1대 | F59: 1 | G59: 57 | H59: X
B60: SK 이노베이션 | D60: FCTO2000W | E60: FCTO2000W 1대 | F60: 1 | G60: 58 | H60: X
B61: SMP 삼성정밀화학 | C61: 울산 | D61: 1207BWA | E61: 1207BWA 1대 | F61: 1 | G61: 59 | H61: X
B62: 경북대학교 반도체융합 기술 연구원 | D62: 1201BW | E62: 1201BW 1대 | F62: 1 | G62: 60 | H62: X
B63: 광전자 | C63: 익산 | D63: MAT501 | E63: MAT501 1대 | F63: 1 | G63: 61 | H63: X
B64: 광주과학기술원 | C64: 광주 | D64: MAT501 | E64: MAT501 1대 | F64: 1 | G64: 62 | H64: X
B65: 국가 핵융합연구소 | C65: 대전 | D65: 601PW | E65: 601PW 1대 | F65: 1 | G65: 63 | H65: X
B66: 뉴파워플라즈마 | C66: 오산 | D66: 507BW | E66: 507BW 1대 | F66: 1 | G66: 64 | H66: X
B67: 아이작 리서치 | C67: 대전 | D67: MAT551SDE | E67: MAT551SDE 1대 | F67: 1 | G67: 65 | H67: X
B68: 에피벨리 | C68: 구미 | D68: 1207BW | E68: 1207BW 1대 | F68: 1 | G68: 66 | H68: X
B69: 엘디스 | C69: 수원 | D69: MAT501BW | E69: MAT501BW 1대 | F69: 1 | G69: 67 | H69: X
B70: 엠투엔 | C70: 용인 | D70: MAT501BW | E70: MAT501BW 1대 | F70: 1 | G70: 68 | H70: X
B71: 연세대 | C71: 서울 | D71: MI2000 | E71: MI2000 1대 | F71: 1 | G71: 69 | H71: X
B72: 연세대 바이오 센터 | C72: 서울 | D72: 507BW | E72: 507BW 1대 | F72: 1 | G72: 70 | H72: X
B73: 예일전자 | C73: 인천 | D73: MAT551SDE | E73: MAT551SDE 1대 | F73: 1 | G73: 71 | H73: X
B74: 요업기술원 | C74: 이천 | D74: 507BW | E74: 507BW 1대 | F74: 1 | G74: 72 | H74: X
... B76: 전남테크노파크 | C76: 목포 | D76: MI2000BW | E76: MI2000BW 1대 | F76: 1 | G76: 74 | H76: X
B77: 카이스트 | D77: 507BWA | E77: 507BWA 1대 | F77: 1 | G77: 75 | H77: X
B78: 한국에너지기술 연구소 | C78: 대전 | D78: MAT501BW | E78: MAT501BW 1대 | F78: 1 | G78: 76 | H78: X
B79: 한국표준과학연구원 | C79: 대전 | D79: 507BWS | E79: 507BWS 1대 | F79: 1 | G79: 77 | H79: X
B80: 한양대 | C80: 서울 | D80: 507BWA | E80: 507BWA 1대 | F80: 1 | G80: 78 | H80: O
B81: 하나WLS | C81: 아산 | D81: 507BW | E81: 507BW 1대 | F81: 1 | G81: 79 | H81: X
B82: 아주대학교 | C82: 수원 | D82: 507BWS | E82: 507BWS 1대 | F82: 1 | G82: 80 | H82: O
B83: 성균관대학교 | C83: 수원 | D83: MAT551SDE | E83: MAT551SDE 1대 | F83: 1 | G83: 81 | H83: O
B84: 버슘머티리얼즈 | C84: 대전 | D84: 507BWS | E84: 507BWS 1대 | F84: 1 | G84: 82 | H84: O
B85: 스태츠칩팩코리아 | C85: 인천 | D85: 507BWS | E85: 507BWS 1대 | F85: 1 | G85: 83 | H85: O
B86: 옵토닉스 | C86: 광주 | D86: 603PW | E86: 603PW 1대 | F86: 1 | G86: 84 | H86: O
B87: 경희대학교 | C87: 용인 | D87: 507BWS | E87: 507BWS 1대 | F87: 1 | G87: 85 | H87: O
B88: 경북대학교 | C88: 대구 | D88: 603PW | E88: 603PW 1대 | F88: 1 | G88: 86 | H88: O

Sheet Sheet1
B3: 작업
B4: 파트

Sheet New Alarm 및 사용Part 이력
AP1: 불합리
A2: NO. | B2: 구분 | C2: 부서 | D2: 고객사 | E2: 사업부 | F2: SITE | G2: 라인 | H2: MAIN 공정 | I2: 세부공정 | J2: 설비호기 | K2: CHAMBER | L2: S/N | M2: MODEL | N2: TYPE | O2: TURN ON | P2: 작업일자 | Q2: 시작시간 | R2: 종료시간 | S2: 작업시간 | T2: 작업인원 | U2: 작업공수 | V2: 대분류 | W2: 소분류 | X2: 문제 (현상) | Y2: 원인 | Z2: Action (조치) (내부 PM만 설비개방) | AA2: 파트구분 (파트,수리품) | AB2: 파트명 | AC2: 품번 | AD2: 고객사 코드 | AE2: 수량 | AF2: WARRANTY | AG2: 사용일 | AH2: 유/무상 | AI2: 원가 (erp) | AJ2: 판가 (erp) | AK2: 규격 | AL2: WARRENTY Out 여부 | AM2: 이전 방문일 | AN2: 월 | AO2: 경과일 | AP2: 신규설비 초기불량시 (O) | AQ2: 유/무상/ (업체)재고
A3: 11 | B3: 작업 | C3: CS4부 | D3: 동우화인켐 | E3: - | F3: 종합사이트 | G3: 2공장 | H3: CVD | I3: CVD | J3: 4-A | K3: - | L3: M008222 | M3: 603PW | N3: Plasma | O3: 45951 | P3: 46035 | Q3: 0.39583333 | R3: 0.6875 | S3: =R3-Q3 -> 0.29166667 | T3: 3 | U3: =S3*T3 -> 0.875 | V3: PM | W3: TBM | X3: 정기PM 및 Drain 개선 | Y3: 정기PM 및 Drain Valve안열림현상 | Z3: 내부 PM | AA3: - | AB3: 인건비 | AC3: - | AD3: - | AE3: 3 | AF3: 1년 | AG3: - | AH3: 무상 | AI3: - | AJ3: - | AK3: - | AL3: =IF(O3="","OUT",IF(TODAY()>O3+365,"OUT","IN")) -> IN | AM3: 46021 | AN3: =MONTH(P3) -> 1 | AO3: =P3-AM3 -> 14 | AQ3: 무상
A4: 12 | B4: 파트 | C4: CS4부 | D4: 동우화인켐 | E4: - | F4: 종합사이트 | G4: 2공장 | H4: CVD | I4: CVD | J4: 4-A | K4: - | L4: M008222 | M4: 603PW | N4: Plasma | O4: 45951 | P4: 46035 | Q4: 0.39583333 | R4: 0.6875 | S4: =R4-Q4 -> 0.29166667 | T4: 3 | U4: =S4*T4 -> 0.875 | V4: PM | W4: TBM | X4: 정기PM 및 Drain 개선 | Y4: 정기PM 및 Drain Valve안열림현상 | Z4: SMPS 설치 | AA4: 파트 | AB4: SMPS | AC4: 901-DD1-M1 | AD4: - | AE4: 1 | AF4: 1년 | AG4: - | AH4: 무상 | AI4: - | AJ4: - | AK4: NDR-240-24 | AL4: =IF(O4="","OUT",IF(TODAY()>O4+365,"OUT","IN")) -> IN | AM4: 46021 | AN4: =MONTH(P4) -> 1 | AO4: =P4-AM4 -> 14 | AQ4: 무상
A5: 13 | B5: 작업 | C5: CS4부 | D5: 원익머트리얼즈 | E5: - | F5: 종합사이트 | G5: - | H5: - | I5: - | J5: - | K5: - | L5: M008028 | M5: 1501HW | N5: H/W | O5: 45989 | P5: 46031 | Q5: 0.39583333 | R5: 0.45833333 | S5: =R5-Q5 -> 0.0625 | T5: 2 | U5: =S5*T5 -> 0.125 | V5: PM | W5: 개선 | X5: PLC OUT CARD 장착 및 Program 변경 | Y5: Exhaust Pressure Data를 Main Control Panel의 PLC로 출력 | Z5: PLC OUT CARD 장착 | AA5: - | AB5: 인건비 | AC5: - | AD5: - | AE5: 2 | AF5: 1년 | AG5: - | AH5: 무상 | AI5: - | AJ5: - | AK5: - | AL5: =IF(O5="","OUT",IF(TODAY()>O5+365,"OUT","IN")) -> IN | AM5: 45996 | AN5: =MONTH(P5) -> 1 | AO5: =P5-AM5 -> 35 | AQ5: 무상
A6: 14 | B6: 파트 | C6: CS4부 | D6: 원익머트리얼즈 | E6: - | F6: 종합사이트 | G6: - | H6: - | I6: - | J6: - | K6: - | L6: M008028 | M6: 1501HW | N6: H/W | O6: 45989 | P6: 46031 | Q6: 0.39583333 | R6: 0.45833333 | S6: =R6-Q6 -> 0.0625 | T6: 2 | U6: =S6*T6 -> 0.125 | V6: PM | W6: 개선 | X6: PLC OUT CARD 장착 및 Program 변경 | Y6: Exhaust Pressure Data를 Main Control Panel의 PLC로 출력 | Z6: PLC OUT CARD 장착 | AA6: 파트 | AB6: PLC ANALOG UNIT | AC6: 901-047-051 | AD6: - | AE6: 1 | AF6: 1년 | AG6: - | AH6: 무상 | AI6: - | AJ6: - | AK6: CJ1W-MAD42 | AL6: =IF(O6="","OUT",IF(TODAY()>O6+365,"OUT","IN")) -> IN | AM6: 45996 | AN6: =MONTH(P6) -> 1 | AO6: =P6-AM6 -> 35 | AQ6: 무상
A7: 15 | B7: 파트 | C7: CS4부 | D7: 원익머트리얼즈 | E7: - | F7: 종합사이트 | G7: - | H7: - | I7: - | J7: - | K7: - | L7: M008028 | M7: 1501HW | N7: H/W | O7: 45989 | P7: 46031 | Q7: 0.39583333 | R7: 0.45833333 | S7: =R7-Q7 -> 0.0625 | T7: 2 | U7: =S7*T7 -> 0.125 | V7: PM | W7: 개선 | X7: Wet Temp 상승 관련 | Y7: Exhaust Nozzle Assy 교체 | Z7: Exhaust Nozzle Assy 교체 | AA7: 파트 | AB7: EXHAUST NOZZLE ASSY | AC7: 1501-160-S12-03 | AD7: - | AE7: 1 | AF7: 1년 | AG7: - | AH7: 무상 | AI7: - | AJ7: - | AK7: 3/8" NOZZLE TIP | AL7: =IF(O7="","OUT",IF(TODAY()>O7+365,"OUT","IN")) -> IN | AM7: 45996 | AN7: =MONTH(P7) -> 1 | AO7: =P7-AM7 -> 35 | AQ7: 무상
A8: 16 | B8: 작업 | C8: CS4부 | D8: 원익머트리얼즈 | E8: - | F8: 종합사이트 | G8: - | H8: - | I8: - | J8: - | K8: - | L8: M008027 | M8: 1501HW | N8: H/W | O8: 45989 | P8: 46031 | Q8: 0.45833333 | R8: 0.54166667 | S8: =R8-Q8 -> 0.083333333 | T8: 2 | U8: =S8*T8 -> 0.16666667 | V8: PM | W8: 개선 | X8: Wet Temp 상승 관련 | Y8: Exhaust Nozzle Assy 교체 및 SCRUBBER OPEN | Z8: Exhaust Nozzle Assy 교체 | AA8: - | AB8: 인건비 | AC8: - | AD8: - | AE8: 2 | AF8: 1년 | AG8: - | AH8: 무상 | AI8: - | AJ8: - | AK8: - | AL8: =IF(O8="","OUT",IF(TODAY()>O8+365,"OUT","IN")) -> IN | AM8: 46030 | AN8: =MONTH(P8) -> 1 | AO8: =P8-AM8 -> 1 | AQ8: 무상
A9: 17 | B9: 파트 | C9: CS4부 | D9: 원익머트리얼즈 | E9: - | F9: 종합사이트 | G9: - | H9: - | I9: - | J9: - | K9: - | L9: M008027 | M9: 1501HW | N9: H/W | O9: 45989 | P9: 46031 | Q9: 0.45833333 | R9: 0.54166667 | S9: =R9-Q9 -> 0.083333333 | T9: 2 | U9: =S9*T9 -> 0.16666667 | V9: PM | W9: 개선 | X9: Wet Temp 상승 관련 | Y9: Exhaust Nozzle Assy 교체 및 SCRUBBER OPEN | Z9: Exhaust Nozzle Assy 교체 | AA9: 파트 | AB9: EXHAUST NOZZLE ASSY | AC9: 1501-160-S12-03 | AD9: - | AE9: 1 | AF9: 1년 | AG9: - | AH9: 무상 | AI9: - | AJ9: - | AK9: 3/8" NOZZLE TIP | AL9: =IF(O9="","OUT",IF(TODAY()>O9+365,"OUT","IN")) -> IN | AM9: 46030 | AN9: =MONTH(P9) -> 1 | AO9: =P9-AM9 -> 1 | AQ9: 무상
A10: 18 | B10: 작업 | C10: CS4부 | D10: 레조낙코리아 | E10: - | F10: 종합사이트 | G10: - | H10: C2F6 VENT | I10: C2F6 VENT | J10: A호기 | K10: - | L10: M006133 | M10: FCTO3001 | N10: Cartridge | O10: 44727 | P10: 46036 | Q10: 0.39583333 | R10: 0.6875 | S10: =R10-Q10 -> 0.29166667 | T10: 4 | U10: =S10*T10 -> 1.1666667 | V10: BM | W10: ALARM | X10: Heater Temp Low | Y10: Heater 단선 | Z10: 내부 PM | AA10: - | AB10: 인건비 | AC10: - | AD10: - | AE10: 4 | AF10: 1년 | AG10: - | AH10: 유상 | AI10: - | AJ10: - | AK10: - | AL10: =IF(O10="","OUT",IF(TODAY()>O10+365,"OUT","IN")) -> OUT | AM10: 45301 | AN10: =MONTH(P10) -> 1 | AO10: =P10-AM10 -> 735 | AQ10: 유상
A11: 19 | B11: 파트 | C11: CS4부 | D11: 레조낙코리아 | E11: - | F11: 종합사이트 | G11: - | H11: C2F6 VENT | I11: C2F6 VENT | J11: A호기 | K11: - | L11: M006133 | M11: FCTO3001 | N11: Cartridge | O11: 44727 | P11: 46036 | Q11: 0.39583333 | R11: 0.6875 | S11: =R11-Q11 -> 0.29166667 | T11: 4 | U11: =S11*T11 -> 1.1666667 | V11: BM | W11: ALARM | X11: Heater Temp Low | Y11: Heater 단선 | Z11: Cartridge 교체 | AA11: 파트 | AB11: CARTRIDGE ASSY | AC11: FC3001W-110-A00 -01-P | AD11: - | AE11: 1 | AF11: 1년 | AG11: 1309 | AH11: 유상 | AI11: - | AJ11: - | AK11: FCTO3001W/Spare | AL11: =IF(O11="","OUT",IF(TODAY()>O11+365,"OUT","IN")) -> OUT | AM11: 45301 | AN11: =MONTH(P11) -> 1 | AO11: =P11-AM11 -> 735 | AQ11: 유상
A12: 20 | B12: 파트 | C12: CS4부 | D12: 레조낙코리아 | E12: - | F12: 종합사이트 | G12: - | H12: C2F6 VENT | I12: C2F6 VENT | J12: A호기 | K12: - | L12: M006133 | M12: FCTO3001 | N12: Cartridge | O12: 44727 | P12: 46036 | Q12: 0.39583333 | R12: 0.6875 | S12: =R12-Q12 -> 0.29166667 | T12: 4 | U12: =S12*T12 -> 1.1666667 | V12: BM | W12: ALARM | X12: Heater Temp Low | Y12: Heater 단선 | Z12: Cartridge 교체 | AA12: 파트 | AB12: CENTER-RING | AC12: 903-010-000 | AD12: - | AE12: 4 | AF12: 1년 | AG12: - | AH12: 무상 | AI12: - | AJ12: - | AK12: NW50-오링 포함 | AL12: =IF(O12="","OUT",IF(TODAY()>O12+365,"OUT","IN")) -> OUT | AM12: 45301 | AN12: =MONTH(P12) -> 1 | AO12: =P12-AM12 -> 735 | AQ12: 무상
A13: 21 | B13: 작업 | C13: CS4부 | D13: 온세미컨덕터코리아 | E13: - | F13: 종합사이트 | G13: EPI | H13: - | I13: - | J13: 전설비 | K13: - | L13: 전설비 | M13: 전설비 | N13: H/W | O13: - | P13: 46024 | Q13: 0.39583333 | R13: 0.61805556 | S13: =R13-Q13 -> 0.22222222 | T13: 2 | U13: =S13*T13 -> 0.44444444 | V13: PM | W13: 점검 | X13: 전 설비 점검 | Y13: 전 설비 점검 | Z13: 설비 점검 | AA13: - | AB13: 인건비 | AC13: - | AD13: - | AE13: 2 | AF13: 1년 | AG13: - | AH13: 무상 | AI13: - | AJ13: - | AK13: - | AL13: =IF(O13="","OUT",IF(TODAY()>O13+365,"OUT","IN")) -> #VALUE! | AM13: 46020 | AN13: =MONTH(P13) -> 1 | AO13: =P13-AM13 -> 4 | AQ13: 무상
A14: 22 | B14: 작업 | C14: CS4부 | D14: 가천대학교 | E14: - | F14: 종합사이트 | G14: - | H14: - | I14: - | J14: - | K14: - | L14: M007617 | M14: 507BWS | N14: H/W | O14: 45818 | P14: 46024 | Q14: 0.625 | R14: 0.66666667 | S14: =R14-Q14 -> 0.041666667 | T14: 2 | U14: =S14*T14 -> 0.083333333 | V14: BM | W14: ALARM | X14: Water Leak Alarm 발생 | Y14: Water Leak Sesnsor 저항 Fail로 추정 | Z14: 저항교체 | AA14: - | AB14: 인건비 | AC14: - | AD14: - | AE14: 2 | AF14: 1년 | AG14: 206 | AH14: 무상 | AI14: - | AJ14: - | AK14: - | AL14: =IF(O14="","OUT",IF(TODAY()>O14+365,"OUT","IN")) -> IN | AM14: 46020 | AN14: =MONTH(P14) -> 1 | AO14: =P14-AM14 -> 4 | AQ14: 무상
A15: 23 | B15: 파트 | C15: CS4부 | D15: 가천대학교 | E15: - | F15: 종합사이트 | G15: - | H15: - | I15: - | J15: - | K15: - | L15: M007617 | M15: 507BWS | N15: H/W | O15: 45818 | P15: 46024 | Q15: 0.625 | R15: 0.66666667 | S15: =R15-Q15 -> 0.041666667 | T15: 2 | U15: =S15*T15 -> 0.083333333 | V15: BM | W15: ALARM | X15: Water Leak Alarm 발생 | Y15: Water Leak Sesnsor 저항 Fail로 추정 | Z15: 저항교체 | AA15: 파트 | AB15: 저항 | AC15: - | AD15: - | AE15: 1 | AF15: 1년 | AG15: 206 | AH15: 무상 | AI15: - | AJ15: - | AK15: - | AL15: =IF(O15="","OUT",IF(TODAY()>O15+365,"OUT","IN")) -> IN | AM15: 46020 | AN15: =MONTH(P15) -> 1 | AO15: =P15-AM15 -> 4 | AQ15: 무상
A16: 24 | B16: 작업 | C16: CS4부 | D16: 주성 RND 센터 | E16: - | F16: 종합사이트 | G16: Sub Fab | H16: - | I16: - | J16: - | K16: - | L16: M008322 | M16: 508BWA | N16: H/W | O16: - | P16: 46027 | Q16: 0.41666667 | R16: 0.47916667 | S16: =R16-Q16 -> 0.0625 | T16: 2 | U16: =S16*T16 -> 0.125 | V16: 기타 | W16: SET UP | X16: 신규설비 자리이동 및 바퀴탈착 | Y16: 신규설비 자리이동 및 바퀴탈착 | Z16: 설비 이동 및 바퀴탈착 | AA16: - | AB16: 인건비 | AC16: - | AD16: - | AE16: 2 | AF16: - | AG16: - | AH16: 무상 | AI16: - | AJ16: - | AK16: - | AL16: =IF(O16="","OUT",IF(TODAY()>O16+365,"OUT","IN")) -> #VALUE! | AM16: 46020 | AN16: =MONTH(P16) -> 1 | AO16: =P16-AM16 -> 7 | AQ16: 무상
A17: 25 | B17: 작업 | C17: CS4부 | D17: 온세미컨덕터코리아 | E17: - | F17: 종합사이트 | G17: EPI | H17: - | I17: - | J17: 전설비 | K17: - | L17: 전설비 | M17: 전설비 | N17: H/W | O17: - | P17: 46027 | Q17: 0.39583333 | R17: 0.61805556 | S17: =R17-Q17 -> 0.22222222 | T17: 2 | U17: =S17*T17 -> 0.44444444 | V17: PM | W17: 점검 | X17: 전 설비 점검 | Y17: 전 설비 점검 | Z17: 설비 점검 | AA17: - | AB17: 인건비 | AC17: - | AD17: - | AE17: 2 | AF17: 1년 | AG17: - | AH17: 무상 | AI17: - | AJ17: - | AK17: - | AL17: =IF(O17="","OUT",IF(TODAY()>O17+365,"OUT","IN")) -> #VALUE! | AM17: 46024 | AN17: =MONTH(P17) -> 1 | AO17: =P17-AM17 -> 3 | AQ17: 무상
A18: 26 | B18: 작업 | C18: CS4부 | D18: 가천대학교 | E18: - | F18: 종합사이트 | G18: - | H18: - | I18: - | J18: - | K18: - | L18: M007617 | M18: 507BWS | N18: H/W | O18: 45818 | P18: 46027 | Q18: 0.41666667 | R18: 0.5 | S18: =R18-Q18 -> 0.083333333 | T18: 2 | U18: =S18*T18 -> 0.16666667 | V18: PM | W18: CBM | X18: Water Leak Alarm 발생 | Y18: Exhaust 결로로 인한 Water Leak 발생 | Z18: 결로테이프 작업 | AA18: - | AB18: 인건비 | AC18: - | AD18: - | AE18: 2 | AF18: 1년 | AG18: 209 | AH18: 무상 | AI18: - | AJ18: - | AK18: - | AL18: =IF(O18="","OUT",IF(TODAY()>O18+365,"OUT","IN")) -> IN | AM18: 46024 | AN18: =MONTH(P18) -> 1 | AO18: =P18-AM18 -> 3 | AQ18: 무상
A19: 27 | B19: 파트 | C19: CS4부 | D19: 가천대학교 | E19: - | F19: 종합사이트 | G19: - | H19: - | I19: - | J19: - | K19: - | L19: M007617 | M19: 507BWS | N19: H/W | O19: 45818 | P19: 46027 | Q19: 0.41666667 | R19: 0.5 | S19: =R19-Q19 -> 0.083333333 | T19: 2 | U19: =S19*T19 -> 0.16666667 | V19: PM | W19: CBM | X19: Water Leak Alarm 발생 | Y19: Exhaust 결로로 인한 Water Leak 발생 | Z19: 결로테이프 작업 | AA19: 파트 | AB19: 결로테이프 | AC19: - | AD19: - | AE19: 1 | AF19: 1년 | AG19: 209 | AH19: 무상 | AI19: - | AJ19: - | AK19: - | AL19: =IF(O19="","OUT",IF(TODAY()>O19+365,"OUT","IN")) -> IN | AM19: 46024 | AN19: =MONTH(P19) -> 1 | AO19: =P19-AM19 -> 3 | AQ19: 무상
A20: 28 | B20: 작업 | C20: CS4부 | D20: 동우화인켐 | E20: - | F20: 종합사이트 | G20: 2공장 | H20: CVD | I20: CVD | J20: 6-A | K20: - | L20: M008230 | M20: 603PW | N20: Plasma | O20: 45974 | P20: 46028 | Q20: 0.39583333 | R20: 0.52083333 | S20: =R20-Q20 -> 0.125 | T20: 2 | U20: =S20*T20 -> 0.25 | V20: PM | W20: CBM | X20: Water Leak Alarm 발생 | Y20: Circulation Supply Nozzle 부식발생 | Z20: 내부 PM | AA20: - | AB20: 인건비 | AC20: - | AD20: - | AE20: 2 | AF20: 1년 | AG20: 54 | AH20: 무상 | AI20: - | AJ20: - | AK20: MAT603PW | AL20: =IF(O20="","OUT",IF(TODAY()>O20+365,"OUT","IN")) -> IN | AM20: 46021 | AN20: =MONTH(P20) -> 1 | AO20: =P20-AM20 -> 7 | AQ20: 무상
A21: 29 | B21: 파트 | C21: CS4부 | D21: 동우화인켐 | E21: - | F21: 종합사이트 | G21: 2공장 | H21: CVD | I21: CVD | J21: 6-A | K21: - | L21: M008230 | M21: 603PW | N21: Plasma | O21: 45974 | P21: 46028 | Q21: 0.39583333 | R21: 0.52083333 | S21: =R21-Q21 -> 0.125 | T21: 2 | U21: =S21*T21 -> 0.25 | V21: PM | W21: CBM | X21: Water Leak Alarm 발생 | Y21: Circulation Supply Nozzle 부식발생 | Z21: Nozzle 교체 | AA21: 파트 | AB21: Nozzle Supply Assy | AC21: 603P-140-S04-04 | AD21: - | AE21: 1 | AF21: 1년 | AG21: 54 | AH21: 무상 | AI21: - | AJ21: - | AK21: MAT603PW | AL21: =IF(O21="","OUT",IF(TODAY()>O21+365,"OUT","IN")) -> IN | AM21: 46021 | AN21: =MONTH(P21) -> 1 | AO21: =P21-AM21 -> 7 | AQ21: 무상
A22: 30 | B22: 파트 | C22: CS4부 | D22: 동우화인켐 | E22: - | F22: 종합사이트 | G22: 2공장 | H22: CVD | I22: CVD | J22: 6-A | K22: - | L22: M008230 | M22: 603PW | N22: Plasma | O22: 45974 | P22: 46028 | Q22: 0.39583333 | R22: 0.52083333 | S22: =R22-Q22 -> 0.125 | T22: 2 | U22: =S22*T22 -> 0.25 | V22: PM | W22: CBM | X22: Water Leak Alarm 발생 | Y22: 원형 Wet Nozzle Tip의 나사탭부분 부식으로 Tip 빠짐 현상 | Z22: Nozzle 교체 | AA22: 파트 | AB22: WET NOZZLE ASSY | AC22: 603P-140-S12-03 | AD22: - | AE22: 1 | AF22: 1년 | AG22: 54 | AH22: 무상 | AI22: - | AJ22: - | AK22: MAT603PW | AL22: =IF(O22="","OUT",IF(TODAY()>O22+365,"OUT","IN")) -> IN | AM22: 46021 | AN22: =MONTH(P22) -> 1 | AO22: =P22-AM22 -> 7 | AQ22: 무상
A23: 31 | B23: 파트 | C23: CS4부 | D23: 동우화인켐 | E23: - | F23: 종합사이트 | G23: 2공장 | H23: CVD | I23: CVD | J23: 6-A | K23: - | L23: M008230 | M23: 603PW | N23: Plasma | O23: 45974 | P23: 46028 | Q23: 0.39583333 | R23: 0.52083333 | S23: =R23-Q23 -> 0.125 | T23: 2 | U23: =S23*T23 -> 0.25 | V23: PM | W23: CBM | X23: Water Leak Alarm 발생 | Y23: Wet Nozzle Tip의 나사탭부분 부식으로 Tip 빠짐 현상 | Z23: Nozzle 교체 | AA23: 파트 | AB23: WET NOZZLE ASSY | AC23: 603P-140-S05-02 | AD23: - | AE23: 1 | AF23: 1년 | AG23: 54 | AH23: 무상 | AI23: - | AJ23: - | AK23: MAT603PW_IFKM | AL23: =IF(O23="","OUT",IF(TODAY()>O23+365,"OUT","IN")) -> IN | AM23: 46021 | AN23: =MONTH(P23) -> 1 | AO23: =P23-AM23 -> 7 | AQ23: 무상
A24: 32 | B24: 작업 | C24: CS4부 | D24: 동우화인켐 | E24: - | F24: 종합사이트 | G24: 2공장 | H24: CVD | I24: CVD | J24: 6-C | K24: - | L24: M008231 | M24: 603PW | N24: Plasma | O24: 45974 | P24: 46028 | Q24: 0.52083333 | R24: 0.5625 | S24: =R24-Q24 -> 0.041666667 | T24: 2 | U24: =S24*T24 -> 0.083333333 | V24: PM | W24: CBM | X24: Water Leak Alarm 발생 | Y24: Circulation PFA Tube Line Tube 빠짐으로 Leak 발생 | Z24: 재조립 | AA24: - | AB24: 인건비 | AC24: - | AD24: - | AE24: 2 | AF24: 1년 | AG24: - | AH24: 무상 | AI24: - | AJ24: - | AK24: - | AL24: =IF(O24="","OUT",IF(TODAY()>O24+365,"OUT","IN")) -> IN | AM24: 46021 | AN24: =MONTH(P24) -> 1 | AO24: =P24-AM24 -> 7 | AQ24: 무상
A25: 33 | B25: 작업 | C25: CS4부 | D25: 원익머트리얼즈 | E25: - | F25: 종합사이트 | G25: - | H25: - | I25: - | J25: - | K25: - | L25: M008027 | M25: 1501HW | N25: H/W | O25: 45989 | P25: 46028 | Q25: 0.41666667 | R25: 0.75 | S25: =R25-Q25 -> 0.33333333 | T25: 2 | U25: =S25*T25 -> 0.66666667 | V25: PM | W25: CBM | X25: Circulation 및 Drain PVC 배관 열변형발생 | Y25: Wet Heater로 인한 Wet Temp 상승으로 PVC 배관 열변형 발생 | Z25: 내부 PM | AA25: - | AB25: 인건비 | AC25: - | AD25: - | AE25: 2 | AF25: 1년 | AG25: - | AH25: 무상 | AI25: - | AJ25: - | AK25: - | AL25: =IF(O25="","OUT",IF(TODAY()>O25+365,"OUT","IN")) -> IN | AM25: 46001 | AN25: =MONTH(P25) -> 1 | AO25: =P25-AM25 -> 27 | AQ25: 무상
A26: 34 | B26: 파트 | C26: CS4부 | D26: 원익머트리얼즈 | E26: - | F26: 종합사이트 | G26: - | H26: - | I26: - | J26: - | K26: - | L26: M008027 | M26: 1501HW | N26: H/W | O26: 45989 | P26: 46028 | Q26: 0.41666667 | R26: 0.75 | S26: =R26-Q26 -> 0.33333333 | T26: 2 | U26: =S26*T26 -> 0.66666667 | V26: PM | W26: CBM | X26: Circulation 및 Drain PVC 배관 열변형발생 | Y26: Wet Heater로 인한 Wet Temp 상승으로 PVC 배관 열변형 발생 | Z26: PVC배관 교체 | AA26: 파트 | AB26: CENTER-RING | AC26: 903-010-000-02 | AD26: - | AE26: 8 | AF26: 1년 | AG26: 39 | AH26: 유상 | AI26: - | AJ26: - | AK26: NW50-오링 포함 (STS304+Super Vtion) | AL26: =IF(O26="","OUT",IF(TODAY()>O26+365,"OUT","IN")) -> IN | AM26: 46001 | AN26: =MONTH(P26) -> 1 | AO26: =P26-AM26 -> 27 | AQ26: 유상
A27: 35 | B27: 파트 | C27: CS4부 | D27: 원익머트리얼즈 | E27: - | F27: 종합사이트 | G27: - | H27: - | I27: - | J27: - | K27: - | L27: M008027 | M27: 1501HW | N27: H/W | O27: 45989 | P27: 46028 | Q27: 0.41666667 | R27: 0.75 | S27: =R27-Q27 -> 0.33333333 | T27: 2 | U27: =S27*T27 -> 0.66666667 | V27: PM | W27: CBM | X27: Circulation 및 Drain PVC 배관 열변형발생 | Y27: Wet Heater로 인한 Wet Temp 상승으로 PVC 배관 열변형 발생 | Z27: PVC배관 교체 | AA27: 파트 | AB27: CENTER-RING | AC27: 903-010-005 | AD27: - | AE27: 1 | AF27: 1년 | AG27: 39 | AH27: 유상 | AK27: NW160-오링 포함 | AL27: =IF(O27="","OUT",IF(TODAY()>O27+365,"OUT","IN")) -> IN | AM27: 46001 | AN27: =MONTH(P27) -> 1 | AO27: =P27-AM27 -> 27 | AQ27: 유상
A28: 36 | B28: 파트 | C28: CS4부 | D28: 원익머트리얼즈 | E28: - | F28: 종합사이트 | G28: - | H28: - | I28: - | J28: - | K28: - | L28: M008027 | M28: 1501HW | N28: H/W | O28: 45989 | P28: 46028 | Q28: 0.41666667 | R28: 0.75 | S28: =R28-Q28 -> 0.33333333 | T28: 2 | U28: =S28*T28 -> 0.66666667 | V28: PM | W28: CBM | X28: Circulation 및 Drain PVC 배관 열변형발생 | Y28: Wet Heater로 인한 Wet Temp 상승으로 PVC 배관 열변형 발생 | Z28: PVC배관 교체 | AA28: 파트 | AB28: CENTER-RING | AC28: 903-010-008 | AD28: - | AE28: 1 | AF28: 1년 | AG28: 39 | AH28: 유상 | AK28: NW125-오링 포함 | AL28: =IF(O28="","OUT",IF(TODAY()>O28+365,"OUT","IN")) -> IN | AM28: 46001 | AN28: =MONTH(P28) -> 1 | AO28: =P28-AM28 -> 27 | AQ28: 유상
A29: 37 | B29: 파트 | C29: CS4부 | D29: 원익머트리얼즈 | E29: - | F29: 종합사이트 | G29: - | H29: - | I29: - | J29: - | K29: - | L29: M008027 | M29: 1501HW | N29: H/W | O29: 45989 | P29: 46028 | Q29: 0.41666667 | R29: 0.75 | S29: =R29-Q29 -> 0.33333333 | T29: 2 | U29: =S29*T29 -> 0.66666667 | V29: PM | W29: CBM | X29: Circulation 및 Drain PVC 배관 열변형발생 | Y29: Wet Heater로 인한 Wet Temp 상승으로 PVC 배관 열변형 발생 | Z29: PVC배관 교체 | AA29: 파트 | AB29: CENTER-RING | AC29: 903-010-009 | AD29: - | AE29: 1 | AF29: 1년 | AG29: 39 | AH29: 유상 | AK29: NW200-오링 포함 | AL29: =IF(O29="","OUT",IF(TODAY()>O29+365,"OUT","IN")) -> IN | AM29: 46001 | AN29: =MONTH(P29) -> 1 | AO29: =P29-AM29 -> 27 | AQ29: 유상
A30: 38 | B30: 파트 | C30: CS4부 | D30: 원익머트리얼즈 | E30: - | F30: 종합사이트 | G30: - | H30: - | I30: - | J30: - | K30: - | L30: M008027 | M30: 1501HW | N30: H/W | O30: 45989 | P30: 46028 | Q30: 0.41666667 | R30: 0.75 | S30: =R30-Q30 -> 0.33333333 | T30: 2 | U30: =S30*T30 -> 0.66666667 | V30: PM | W30: CBM | X30: Circulation 및 Drain PVC 배관 열변형발생 | Y30: Wet Heater로 인한 Wet Temp 상승으로 PVC 배관 열변형 발생 | Z30: PVC배관 교체 | AA30: 파트 | AB30: O-RING | AC30: 903-016-620-01 | AD30: - | AE30: 2 | AF30: 1년 | AG30: 39 | AH30: 유상 | AK30: P620 (SUPER VITON) | AL30: =IF(O30="","OUT",IF(TODAY()>O30+365,"OUT","IN")) -> IN | AM30: 46001 | AN30: =MONTH(P30) -> 1 | AO30: =P30-AM30 -> 27 | AQ30: 유상
A31: 39 | B31: 파트 | C31: CS4부 | D31: 원익머트리얼즈 | E31: - | F31: 종합사이트 | G31: - | H31: - | I31: - | J31: - | K31: - | L31: M008027 | M31: 1501HW | N31: H/W | O31: 45989 | P31: 46028 | Q31: 0.41666667 | R31: 0.75 | S31: =R31-Q31 -> 0.33333333 | T31: 2 | U31: =S31*T31 -> 0.66666667 | V31: PM | W31: CBM | X31: Circulation 및 Drain PVC 배관 열변형발생 | Y31: Wet Heater로 인한 Wet Temp 상승으로 PVC 배관 열변형 발생 | Z31: PVC배관 교체 | AA31: 파트 | AB31: O-RING | AC31: 903-017-035 | AD31: - | AE31: 1 | AF31: 1년 | AG31: 39 | AH31: 유상 | AK31: G35 | AL31: =IF(O31="","OUT",IF(TODAY()>O31+365,"OUT","IN")) -> IN | AM31: 46001 | AN31: =MONTH(P31) -> 1 | AO31: =P31-AM31 -> 27 | AQ31: 유상
A32: 40 | B32: 파트 | C32: CS4부 | D32: 원익머트리얼즈 | E32: - | F32: 종합사이트 | G32: - | H32: - | I32: - | J32: - | K32: - | L32: M008027 | M32: 1501HW | N32: H/W | O32: 45989 | P32: 46028 | Q32: 0.41666667 | R32: 0.75 | S32: =R32-Q32 -> 0.33333333 | T32: 2 | U32: =S32*T32 -> 0.66666667 | V32: PM | W32: CBM | X32: Circulation 및 Drain PVC 배관 열변형발생 | Y32: Wet Heater로 인한 Wet Temp 상승으로 PVC 배관 열변형 발생 | Z32: PVC배관 교체 | AA32: 파트 | AB32: O-RING | AC32: 903-017-070 | AD32: - | AE32: 2 | AF32: 1년 | AG32: 39 | AH32: 유상 | AK32: G70 | AL32: =IF(O32="","OUT",IF(TODAY()>O32+365,"OUT","IN")) -> IN | AM32: 46001 | AN32: =MONTH(P32) -> 1 | AO32: =P32-AM32 -> 27 | AQ32: 유상
A33: 41 | B33: 파트 | C33: CS4부 | D33: 원익머트리얼즈 | E33: - | F33: 종합사이트 | G33: - | H33: - | I33: - | J33: - | K33: - | L33: M008027 | M33: 1501HW | N33: H/W | O33: 45989 | P33: 46028 | Q33: 0.41666667 | R33: 0.75 | S33: =R33-Q33 -> 0.33333333 | T33: 2 | U33: =S33*T33 -> 0.66666667 | V33: PM | W33: CBM | X33: Circulation 및 Drain PVC 배관 열변형발생 | Y33: Wet Heater로 인한 Wet Temp 상승으로 PVC 배관 열변형 발생 | Z33: PVC배관 교체 | AA33: 파트 | AB33: CIR. 하단배관 | AC33: 1501-170-S21-01 | AD33: - | AE33: 1 | AF33: 1년 | AG33: 39 | AH33: 유상 | AK33: 1501-170-S21-01 | AL33: =IF(O33="","OUT",IF(TODAY()>O33+365,"OUT","IN")) -> IN | AM33: 46001 | AN33: =MONTH(P33) -> 1 | AO33: =P33-AM33 -> 27 | AQ33: 유상
A34: 42 | B34: 파트 | C34: CS4부 | D34: 원익머트리얼즈 | E34: - | F34: 종합사이트 | G34: - | H34: - | I34: - | J34: - | K34: - | L34: M008027 | M34: 1501HW | N34: H/W | O34: 45989 | P34: 46028 | Q34: 0.41666667 | R34: 0.75 | S34: =R34-Q34 -> 0.33333333 | T34: 2 | U34: =S34*T34 -> 0.66666667 | V34: PM | W34: CBM | X34: Circulation 및 Drain PVC 배관 열변형발생 | Y34: Wet Heater로 인한 Wet Temp 상승으로 PVC 배관 열변형 발생 | Z34: PVC배관 교체 | AA34: 파트 | AB34: CIR. 상단배관 | AC34: 1501-170-S22-05 | AD34: - | AE34: 1 | AF34: 1년 | AG34: 39 | AH34: 유상 | AK34: 1501-170-S22-05 | AL34: =IF(O34="","OUT",IF(TODAY()>O34+365,"OUT","IN")) -> IN | AM34: 46001 | AN34: =MONTH(P34) -> 1 | AO34: =P34-AM34 -> 27 | AQ34: 유상
A35: 43 | B35: 파트 | C35: CS4부 | D35: 원익머트리얼즈 | E35: - | F35: 종합사이트 | G35: - | H35: - | I35: - | J35: - | K35: - | L35: M008027 | M35: 1501HW | N35: H/W | O35: 45989 | P35: 46028 | Q35: 0.41666667 | R35: 0.75 | S35: =R35-Q35 -> 0.33333333 | T35: 2 | U35: =S35*T35 -> 0.66666667 | V35: PM | W35: CBM | X35: Circulation 및 Drain PVC 배관 열변형발생 | Y35: Wet Heater로 인한 Wet Temp 상승으로 PVC 배관 열변형 발생 | Z35: PVC배관 교체 | AA35: 파트 | AB35: DRAIN 하단배관 | AC35: 1501-170-S31-01 | AD35: - | AE35: 1 | AF35: 1년 | AG35: 39 | AH35: 유상 | AK35: 1501-170-S31-01 | AL35: =IF(O35="","OUT",IF(TODAY()>O35+365,"OUT","IN")) -> IN | AM35: 46001 | AN35: =MONTH(P35) -> 1 | AO35: =P35-AM35 -> 27 | AQ35: 유상
A36: 44 | B36: 파트 | C36: CS4부 | D36: 원익머트리얼즈 | E36: - | F36: 종합사이트 | G36: - | H36: - | I36: - | J36: - | K36: - | L36: M008027 | M36: 1501HW | N36: H/W | O36: 45989 | P36: 46028 | Q36: 0.41666667 | R36: 0.75 | S36: =R36-Q36 -> 0.33333333 | T36: 2 | U36: =S36*T36 -> 0.66666667 | V36: PM | W36: CBM | X36: Circulation 및 Drain PVC 배관 열변형발생 | Y36: Wet Heater로 인한 Wet Temp 상승으로 PVC 배관 열변형 발생 | Z36: PVC배관 교체 | AA36: 파트 | AB36: DRAIN 상단배관 (VALVE 용접용 포함) | AC36: 1501-170-S32-05-P | AD36: - | AE36: 1 | AF36: 1년 | AG36: 39 | AH36: 유상 | AK36: 전동V/V Hynix Type | AL36: =IF(O36="","OUT",IF(TODAY()>O36+365,"OUT","IN")) -> IN | AM36: 46001 | AN36: =MONTH(P36) -> 1 | AO36: =P36-AM36 -> 27 | AQ36: 유상
A37: 45 | B37: 파트 | C37: CS4부 | D37: 원익머트리얼즈 | E37: - | F37: 종합사이트 | G37: - | H37: - | I37: - | J37: - | K37: - | L37: M008027 | M37: 1501HW | N37: H/W | O37: 45989 | P37: 46028 | Q37: 0.41666667 | R37: 0.75 | S37: =R37-Q37 -> 0.33333333 | T37: 2 | U37: =S37*T37 -> 0.66666667 | V37: PM | W37: CBM | X37: Circulation 및 Drain PVC 배관 열변형발생 | Y37: Wet Heater로 인한 Wet Temp 상승으로 PVC 배관 열변형 발생 | Z37: PVC배관 교체 | AA37: 파트 | AB37: PLC ANALOG UNIT | AC37: 901-047-051 | AD37: - | AE37: 1 | AF37: 1년 | AG37: 39 | AH37: 유상 | AK37: CJ1W-MAD42 | AL37: =IF(O37="","OUT",IF(TODAY()>O37+365,"OUT","IN")) -> IN | AM37: 46001 | AN37: =MONTH(P37) -> 1 | AO37: =P37-AM37 -> 27 | AQ37: 유상
A38: 46 | B38: 작업 | C38: CS4부 | D38: 온세미컨덕터코리아 | E38: - | F38: 종합사이트 | G38: EPI | H38: - | I38: - | J38: 전설비 | K38: - | L38: 전설비 | M38: 전설비 | N38: H/W | O38: - | P38: 46038 | Q38: 0.39583333 | R38: 0.61805556 | S38: =R38-Q38 -> 0.22222222 | T38: 3 | U38: =S38*T38 -> 0.66666667 | V38: PM | W38: 개선 | X38: 전 설비 점검 및 가동 TEST | Y38: 전 설비 점검 및 가동 TEST | Z38: 설비 점검 | AA38: - | AB38: 인건비 | AC38: - | AD38: - | AE38: 4 | AF38: 1년 | AG38: - | AH38: 무상 | AI38: - | AJ38: - | AK38: - | AL38: =IF(O38="","OUT",IF(TODAY()>O38+365,"OUT","IN")) -> #VALUE! | AM38: 46034 | AN38: =MONTH(P38) -> 1 | AO38: =P38-AM38 -> 4 | AQ38: 무상
A39: 47 | B39: 작업 | C39: CS4부 | D39: DB하이텍 | E39: - | F39: 종합사이트 | G39: - | H39: - | I39: - | J39: - | K39: - | L39: - | M39: 507BW | N39: H/W | O39: - | P39: 46038 | Q39: 0.4375 | R39: 0.47916667 | S39: =R39-Q39 -> 0.041666667 | T39: 1 | U39: =S39*T39 -> 0.041666667 | V39: 기타 | W39: 파트 반입 | X39: 도면수정을 위해 반출했던 Part's 재반입 | Y39: 도면수정을 위해 반출했던 Part's 재반입 | Z39: Part's 반입 | AA39: - | AB39: 인건비 | AC39: - | AD39: - | AE39: 1 | AF39: - | AG39: - | AH39: 무상 | AI39: - | AJ39: - | AK39: - | AL39: =IF(O39="","OUT",IF(TODAY()>O39+365,"OUT","IN")) -> #VALUE! | AM39: 46001 | AN39: =MONTH(P39) -> 1 | AO39: =P39-AM39 -> 37 | AQ39: 무상
A40: 48 | B40: 작업 | C40: CS4부 | D40: 동우화인켐 | E40: - | F40: 종합사이트 | G40: 2공장 | H40: CVD | I40: CVD | J40: 전설비 | K40: - | L40: 전설비 | M40: 전설비 | N40: Plasma | O40: - | P40: 46037 | Q40: 0.39583333 | R40: 0.52083333 | S40: =R40-Q40 -> 0.125 | T40: 3 | U40: =S40*T40 -> 0.375 | V40: PM | W40: CBM | X40: Water Leak Alarm 발생 | Y40: Circulation pump Manifold PFA TUBE 탈착 발생 | Z40: 원형Teflon FITTING 교체 | AA40: - | AB40: 인건비 | AC40: - | AD40: - | AE40: 3 | AF40: - | AG40: - | AH40: 무상 | AI40: - | AJ40: - | AK40: - | AL40: =IF(O40="","OUT",IF(TODAY()>O40+365,"OUT","IN")) -> #VALUE! | AM40: 46021 | AN40: =MONTH(P40) -> 1 | AO40: =P40-AM40 -> 16 | AQ40: 무상
A41: 49 | B41: 파트 | C41: CS4부 | D41: 동우화인켐 | E41: - | F41: 종합사이트 | G41: 2공장 | H41: CVD | I41: CVD | J41: 전설비 | K41: - | L41: 전설비 | M41: 전설비 | N41: Plasma | O41: - | P41: 46037 | Q41: 0.39583333 | R41: 0.52083333 | S41: =R41-Q41 -> 0.125 | T41: 3 | U41: =S41*T41 -> 0.375 | V41: PM | W41: CBM | X41: Water Leak Alarm 발생 | Y41: Circulation pump Manifold PFA TUBE 탈착 발생 | Z41: 원형Teflon FITTING 교체 | AA41: 파트 | AB41: UNION ELBOW | AC41: 900-014-012 | AD41: - | AE41: 20 | AF41: 1년 | AG41: - | AH41: 무상 | AI41: - | AJ41: - | AK41: 3/4"-3/4" (1Ferrule) | AL41: =IF(O41="","OUT",IF(TODAY()>O41+365,"OUT","IN")) -> #VALUE! | AM41: 46021 | AN41: =MONTH(P41) -> 1 | AO41: =P41-AM41 -> 16 | AQ41: 무상
A42: 50 | B42: 파트 | C42: CS4부 | D42: 동우화인켐 | E42: - | F42: 종합사이트 | G42: 2공장 | H42: CVD | I42: CVD | J42: 전설비 | K42: - | L42: 전설비 | M42: 전설비 | N42: Plasma | O42: - | P42: 46037 | Q42: 0.39583333 | R42: 0.52083333 | S42: =R42-Q42 -> 0.125 | T42: 3 | U42: =S42*T42 -> 0.375 | V42: PM | W42: CBM | X42: Water Leak Alarm 발생 | Y42: Circulation pump Manifold PFA TUBE 탈착 발생 | Z42: 원형Teflon FITTING 교체 | AA42: 파트 | AB42: MALE ELBOW 43 | AC42: 900-006-024 | AD42: - | AE42: 12 | AF42: 1년 | AG42: - | AH42: 무상 | AI42: - | AJ42: - | AK42: 3/4"-3/4" TEFLON(1Ferrule) | AL42: =IF(O42="","OUT",IF(TODAY()>O42+365,"OUT","IN")) -> #VALUE! | AM42: 46021 | AN42: =MONTH(P42) -> 1 | AO42: =P42-AM42 -> 16 | AQ42: 무상
A43: 51 | B43: 파트 | C43: CS4부 | D43: 동우화인켐 | E43: - | F43: 종합사이트 | G43: 2공장 | H43: CVD | I43: CVD | J43: 전설비 | K43: - | L43: 전설비 | M43: 전설비 | N43: Plasma | O43: - | P43: 46037 | Q43: 0.39583333 | R43: 0.52083333 | S43: =R43-Q43 -> 0.125 | T43: 3 | U43: =S43*T43 -> 0.375 | V43: PM | W43: CBM | X43: Water Leak Alarm 발생 | Y43: Circulation pump Manifold PFA TUBE 탈착 발생 | Z43: 원형Teflon FITTING 교체 | AA43: 파트 | AB43: UNION ELBOW | AC43: 900-014-004 | AD43: - | AE43: 4 | AF43: 1년 | AG43: - | AH43: 무상 | AI43: - | AJ43: - | AK43: 3/4＂ | AL43: =IF(O43="","OUT",IF(TODAY()>O43+365,"OUT","IN")) -> #VALUE! | AM43: 46021 | AN43: =MONTH(P43) -> 1 | AO43: =P43-AM43 -> 16 | AQ43: 무상
A44: 52 | B44: 작업 | C44: CS4부 | D44: 동우화인켐 | E44: - | F44: 종합사이트 | G44: 2공장 | H44: CVD | I44: CVD | J44: 6-B | K44: - | L44: M008228 | M44: 603PW | N44: Plasma | O44: 45981 | P44: 46037 | Q44: 0.54166667 | R44: 0.5625 | S44: =R44-Q44 -> 0.020833333 | T44: 3 | U44: =S44*T44 -> 0.0625 | V44: PM | W44: TBM | X44: VOLTAGE 저하 | Y44: TORCH 내부 POWDER 고착 | Z44: 내부 PM | AA44: - | AB44: 인건비 | AC44: - | AD44: - | AE44: 3 | AF44: - | AG44: - | AH44: 무상 | AI44: - | AJ44: - | AK44: - | AL44: =IF(O44="","OUT",IF(TODAY()>O44+365,"OUT","IN")) -> IN | AM44: 46021 | AN44: =MONTH(P44) -> 1 | AO44: =P44-AM44 -> 16 | AQ44: 무상
A45: 53 | B45: 작업 | C45: CS4부 | D45: 동우화인켐 | E45: - | F45: 종합사이트 | G45: 2공장 | H45: CVD | I45: CVD | J45: 6-A | K45: - | L45: M008230 | M45: 603PW | N45: Plasma | O45: 45974 | P45: 46037 | Q45: 0.52083333 | R45: 0.54166667 | S45: =R45-Q45 -> 0.020833333 | T45: 3 | U45: =S45*T45 -> 0.0625 | V45: PM | W45: TBM | X45: VOLTAGE 저하 | Y45: TORCH 내부 POWDER 고착 | Z45: 내부 PM | AA45: - | AB45: 인건비 | AC45: - | AD45: - | AE45: 3 | AF45: - | AG45: - | AH45: 무상 | AI45: - | AJ45: - | AK45: - | AL45: =IF(O45="","OUT",IF(TODAY()>O45+365,"OUT","IN")) -> IN | AM45: 46028 | AN45: =MONTH(P45) -> 1 | AO45: =P45-AM45 -> 9 | AQ45: 무상
A46: 54 | B46: 작업 | C46: CS4부 | D46: 동우화인켐 | E46: - | F46: 종합사이트 | G46: 2공장 | H46: CVD | I46: CVD | J46: 5-D | K46: - | L46: M008225 | M46: 603PW | N46: Plasma | O46: 45967 | P46: 46037 | Q46: 0.5625 | R46: 0.58333333 | S46: =R46-Q46 -> 0.020833333 | T46: 3 | U46: =S46*T46 -> 0.0625 | V46: PM | W46: TBM | X46: VOLTAGE 저하 | Y46: TORCH 내부 POWDER 고착 | Z46: 내부 PM | AA46: - | AB46: 인건비 | AC46: - | AD46: - | AE46: 3 | AF46: - | AG46: - | AH46: 무상 | AI46: - | AJ46: - | AK46: - | AL46: =IF(O46="","OUT",IF(TODAY()>O46+365,"OUT","IN")) -> IN | AM46: 46021 | AN46: =MONTH(P46) -> 1 | AO46: =P46-AM46 -> 16 | AQ46: 무상
A47: 55 | B47: 작업 | C47: CS4부 | D47: 동우화인켐 | E47: - | F47: 종합사이트 | G47: 2공장 | H47: CVD | I47: CVD | J47: 4-B | K47: - | L47: M008220 | M47: 603PW | N47: Plasma | O47: 45947 | P47: 46037 | Q47: 0.58333333 | R47: 0.60416667 | S47: =R47-Q47 -> 0.020833333 | T47: 3 | U47: =S47*T47 -> 0.0625 | V47: PM | W47: CBM | X47: IGNITION 불량 | Y47: TORCH 내부 POWDER 고착 | Z47: 내부 PM | AA47: - | AB47: 인건비 | AC47: - | AD47: - | AE47: 3 | AF47: - | AG47: - | AH47: 무상 | AI47: - | AJ47: - | AK47: - | AL47: =IF(O47="","OUT",IF(TODAY()>O47+365,"OUT","IN")) -> IN | AM47: 46021 | AN47: =MONTH(P47) -> 1 | AO47: =P47-AM47 -> 16 | AQ47: 무상
A48: 56 | B48: 작업 | C48: CS4부 | D48: 온세미컨덕터코리아 | E48: - | F48: 종합사이트 | G48: EPI | H48: - | I48: - | J48: AX#01 | K48: - | L48: M007139 | M48: MI2500BW | N48: H/W | O48: 45107 | P48: 46041 | Q48: 0.375 | R48: 0.6875 | S48: =R48-Q48 -> 0.3125 | T48: 5 | U48: =S48*T48 -> 1.5625 | V48: PM | W48: TBM | X48: Inlet Pressure 차압현상 발생 | Y48: 열교환기 판막 부식 및 EXHAUST CIR' WATER 유량 증가추정 | Z48: Blower Swap TEST | AA48: - | AB48: 인건비 | AC48: - | AD48: - | AE48: 5 | AF48: - | AG48: - | AH48: 무상 | AI48: - | AJ48: - | AK48: - | AL48: =IF(O48="","OUT",IF(TODAY()>O48+365,"OUT","IN")) -> OUT | AM48: 46021 | AN48: =MONTH(P48) -> 1 | AO48: =P48-AM48 -> 20 | AQ48: 무상
A49: 57 | B49: 작업 | C49: CS4부 | D49: 주성 RND 센터 | E49: - | F49: 종합사이트 | G49: Sub Fab | H49: CVD | I49: CVD | J49: - | K49: - | L49: M007890 | M49: 1207BWA | N49: H/W | O49: 45695 | P49: 46042 | Q49: 0.39583333 | R49: 0.5 | S49: =R49-Q49 -> 0.10416667 | T49: 2 | U49: =S49*T49 -> 0.20833333 | V49: PM | W49: TBM | X49: Circulation Pump#2 압력 저하발생 | Y49: Pump#2 Out단 Check Valve Fail 추정 | Z49: Pump Cleaning 및 Swap Test | AA49: - | AB49: 인건비 | AC49: - | AD49: - | AE49: 2 | AF49: 1년 | AG49: =P49-O49 -> 347 | AH49: 무상 | AI49: - | AJ49: - | AK49: - | AL49: =IF(O49="","OUT",IF(TODAY()>O49+365,"OUT","IN")) -> OUT | AM49: 45876 | AN49: =MONTH(P49) -> 1 | AO49: =P49-AM49 -> 166 | AQ49: 무상
A50: 58 | B50: 작업 | C50: CS4부 | D50: 아주대학교 | E50: - | F50: 종합사이트 | G50: - | H50: - | I50: - | J50: - | K50: - | L50: M003894 | M50: 507BWS | N50: H/W | O50: - | P50: 46042 | Q50: 0.375 | R50: 0.45833333 | S50: =R50-Q50 -> 0.083333333 | T50: 2 | U50: =S50*T50 -> 0.16666667 | V50: PM | W50: TBM | X50: Inlet Pressure High Alarm 발생 | Y50: Heat chamber Inlet port 및 Pressure Sensor Port Tube Powder 막힘 | Z50: 내부 PM | AA50: - | AB50: 인건비 | AC50: - | AD50: - | AE50: 2 | AF50: - | AG50: - | AH50: 유상 | AI50: - | AJ50: - | AK50: - | AL50: =IF(O50="","OUT",IF(TODAY()>O50+365,"OUT","IN")) -> #VALUE! | AM50: 45944 | AN50: =MONTH(P50) -> 1 | AO50: =P50-AM50 -> 98 | AQ50: 유상
A51: 59 | B51: 파트 | C51: CS4부 | D51: 아주대학교 | E51: - | F51: 종합사이트 | G51: - | H51: - | I51: - | J51: - | K51: - | L51: M003894 | M51: 507BWS | N51: H/W | O51: - | P51: 46042 | Q51: 0.375 | R51: 0.45833333 | S51: =R51-Q51 -> 0.083333333 | T51: 2 | U51: =S51*T51 -> 0.16666667 | V51: PM | W51: TBM | X51: Inlet Pressure High Alarm 발생 | Y51: Heat chamber Inlet port 및 Pressure Sensor Port Tube Powder 막힘 | Z51: 내부 PM | AA51: 파트 | AB51: O-RING(501, 507 - BURN & WET) | AC51: 903-001-202 | AD51: - | AE51: 2 | AF51: - | AG51: - | AH51: 유상 | AI51: - | AJ51: - | AK51: (외경 375x375)XØ4 | AL51: =IF(O51="","OUT",IF(TODAY()>O51+365,"OUT","IN")) -> #VALUE! | AM51: 45944 | AN51: =MONTH(P51) -> 1 | AO51: =P51-AM51 -> 98 | AQ51: 유상
A52: 69 | B52: 파트 | C52: CS4부 | D52: 비아트론 | E52: - | F52: 종합사이트 | G52: - | H52: - | I52: - | J52: - | K52: - | L52: M005536 | M52: MI2000BW | N52: H/W | O52: 44302 | P52: 46043 | Q52: 0.35416667 | R52: 0.64583333 | S52: =R52-Q52 -> 0.29166667 | T52: 4 | U52: =S52*T52 -> 1.1666667 | V52: PM | W52: TBM | X52: Part 부식 | Y52: 장기간 사용 및 PH 산성으로 인한 Part 부식 | Z52: 내부 PM 및 PART 교체 | AA52: 파트 | AB52: NOZZLE SUPPLY ASSY | AC52: M2000-170-S11-01 | AD52: - | AE52: 1 | AF52: 1년 | AG52: 1741 | AH52: 유상 | AI52: - | AJ52: - | AK52: Mi2000BW | AL52: =IF(O52="","OUT",IF(TODAY()>O52+365,"OUT","IN")) -> OUT | AM52: 46002 | AN52: =MONTH(P52) -> 1 | AO52: =P52-AM52 -> 41 | AQ52: 유상
A53: 60 | B53: 파트 | C53: CS4부 | D53: 아주대학교 | E53: - | F53: 종합사이트 | G53: - | H53: - | I53: - | J53: - | K53: - | L53: M003894 | M53: 507BWS | N53: H/W | O53: - | P53: 46042 | Q53: 0.375 | R53: 0.45833333 | S53: =R53-Q53 -> 0.083333333 | T53: 2 | U53: =S53*T53 -> 0.16666667 | V53: PM | W53: TBM | X53: Inlet Pressure High Alarm 발생 | Y53: Heat chamber Inlet port 및 Pressure Sensor Port Tube Powder 막힘 | Z53: 내부 PM | AA53: 파트 | AB53: CENTER-RING | AC53: 903-010-000 | AD53: - | AE53: 8 | AF53: - | AG53: - | AH53: 유상 | AI53: - | AJ53: - | AK53: NW50-오링 포함 | AL53: =IF(O53="","OUT",IF(TODAY()>O53+365,"OUT","IN")) -> #VALUE! | AM53: 45944 | AN53: =MONTH(P53) -> 1 | AO53: =P53-AM53 -> 98 | AQ53: 유상
A54: 61 | B54: 작업 | C54: CS4부 | D54: 비아트론 | E54: - | F54: 종합사이트 | G54: - | H54: - | I54: - | J54: - | K54: - | L54: M005536 | M54: MI2000BW | N54: H/W | O54: 44302 | P54: 46043 | Q54: 0.35416667 | R54: 0.64583333 | S54: =R54-Q54 -> 0.29166667 | T54: 4 | U54: =S54*T54 -> 1.1666667 | V54: PM | W54: TBM | X54: Part 부식 | Y54: 장기간 사용 및 PH 산성으로 인한 Part 부식 | Z54: 내부 PM | AA54: - | AB54: 인건비 | AC54: - | AD54: - | AE54: 4 | AF54: - | AG54: - | AH54: 유상 | AI54: - | AJ54: - | AL54: =IF(O54="","OUT",IF(TODAY()>O54+365,"OUT","IN")) -> OUT | AM54: 46002 | AN54: =MONTH(P54) -> 1 | AO54: =P54-AM54 -> 41 | AQ54: 유상
A55: 62 | B55: 파트 | C55: CS4부 | D55: 비아트론 | E55: - | F55: 종합사이트 | G55: - | H55: - | I55: - | J55: - | K55: - | L55: M005536 | M55: MI2000BW | N55: H/W | O55: 44302 | P55: 46043 | Q55: 0.35416667 | R55: 0.64583333 | S55: =R55-Q55 -> 0.29166667 | T55: 4 | U55: =S55*T55 -> 1.1666667 | V55: PM | W55: TBM | X55: Part 부식 | Y55: 장기간 사용 및 PH 산성으로 인한 Part 부식 | Z55: 내부 PM 및 PART 교체 | AA55: 파트 | AB55: O-RING(Mi2000) | AC55: 903-001-215 | AD55: - | AE55: 2 | AF55: 1년 | AG55: 1741 | AH55: 유상 | AI55: - | AJ55: - | AK55: (외경 728x728)XØ8 | AL55: =IF(O55="","OUT",IF(TODAY()>O55+365,"OUT","IN")) -> OUT | AM55: 46002 | AN55: =MONTH(P55) -> 1 | AO55: =P55-AM55 -> 41 | AQ55: 유상
A56: 63 | B56: 파트 | C56: CS4부 | D56: 비아트론 | E56: - | F56: 종합사이트 | G56: - | H56: - | I56: - | J56: - | K56: - | L56: M005536 | M56: MI2000BW | N56: H/W | O56: 44302 | P56: 46043 | Q56: 0.35416667 | R56: 0.64583333 | S56: =R56-Q56 -> 0.29166667 | T56: 4 | U56: =S56*T56 -> 1.1666667 | V56: PM | W56: TBM | X56: Part 부식 | Y56: 장기간 사용 및 PH 산성으로 인한 Part 부식 | Z56: 내부 PM 및 PART 교체 | AA56: 파트 | AB56: O-RING | AC56: 903-017-045 | AD56: - | AE56: 2 | AF56: 1년 | AG56: 1741 | AH56: 유상 | AI56: - | AJ56: - | AK56: G45 | AL56: =IF(O56="","OUT",IF(TODAY()>O56+365,"OUT","IN")) -> OUT | AM56: 46002 | AN56: =MONTH(P56) -> 1 | AO56: =P56-AM56 -> 41 | AQ56: 유상
A57: 64 | B57: 파트 | C57: CS4부 | D57: 비아트론 | E57: - | F57: 종합사이트 | G57: - | H57: - | I57: - | J57: - | K57: - | L57: M005536 | M57: MI2000BW | N57: H/W | O57: 44302 | P57: 46043 | Q57: 0.35416667 | R57: 0.64583333 | S57: =R57-Q57 -> 0.29166667 | T57: 4 | U57: =S57*T57 -> 1.1666667 | V57: PM | W57: TBM | X57: Part 부식 | Y57: 장기간 사용 및 PH 산성으로 인한 Part 부식 | Z57: 내부 PM 및 PART 교체 | AA57: 파트 | AB57: O-RING | AC57: 903-017-075 | AD57: - | AE57: 1 | AF57: 1년 | AG57: 1741 | AH57: 유상 | AI57: - | AJ57: - | AK57: G75 | AL57: =IF(O57="","OUT",IF(TODAY()>O57+365,"OUT","IN")) -> OUT | AM57: 46002 | AN57: =MONTH(P57) -> 1 | AO57: =P57-AM57 -> 41 | AQ57: 유상
A58: 65 | B58: 파트 | C58: CS4부 | D58: 비아트론 | E58: - | F58: 종합사이트 | G58: - | H58: - | I58: - | J58: - | K58: - | L58: M005536 | M58: MI2000BW | N58: H/W | O58: 44302 | P58: 46043 | Q58: 0.35416667 | R58: 0.64583333 | S58: =R58-Q58 -> 0.29166667 | T58: 4 | U58: =S58*T58 -> 1.1666667 | V58: PM | W58: TBM | X58: Part 부식 | Y58: 장기간 사용 및 PH 산성으로 인한 Part 부식 | Z58: 내부 PM 및 PART 교체 | AA58: 파트 | AB58: CENTER-RING | AC58: 903-010-008 | AD58: - | AE58: 2 | AF58: 1년 | AG58: 1741 | AH58: 유상 | AI58: - | AJ58: - | AK58: NW125-오링 포함 | AL58: =IF(O58="","OUT",IF(TODAY()>O58+365,"OUT","IN")) -> OUT | AM58: 46002 | AN58: =MONTH(P58) -> 1 | AO58: =P58-AM58 -> 41 | AQ58: 유상
A59: 66 | B59: 파트 | C59: CS4부 | D59: 비아트론 | E59: - | F59: 종합사이트 | G59: - | H59: - | I59: - | J59: - | K59: - | L59: M005536 | M59: MI2000BW | N59: H/W | O59: 44302 | P59: 46043 | Q59: 0.35416667 | R59: 0.64583333 | S59: =R59-Q59 -> 0.29166667 | T59: 4 | U59: =S59*T59 -> 1.1666667 | V59: PM | W59: TBM | X59: Part 부식 | Y59: 장기간 사용 및 PH 산성으로 인한 Part 부식 | Z59: 내부 PM 및 PART 교체 | AA59: 파트 | AB59: CENTER-RING | AC59: 903-010-000 | AD59: - | AE59: 8 | AF59: 1년 | AG59: 1741 | AH59: 유상 | AI59: - | AJ59: - | AK59: NW50-오링 포함 | AL59: =IF(O59="","OUT",IF(TODAY()>O59+365,"OUT","IN")) -> OUT | AM59: 46002 | AN59: =MONTH(P59) -> 1 | AO59: =P59-AM59 -> 41 | AQ59: 유상
A60: 67 | B60: 파트 | C60: CS4부 | D60: 비아트론 | E60: - | F60: 종합사이트 | G60: - | H60: - | I60: - | J60: - | K60: - | L60: M005536 | M60: MI2000BW | N60: H/W | O60: 44302 | P60: 46043 | Q60: 0.35416667 | R60: 0.64583333 | S60: =R60-Q60 -> 0.29166667 | T60: 4 | U60: =S60*T60 -> 1.1666667 | V60: PM | W60: TBM | X60: Part 부식 | Y60: 장기간 사용 및 PH 산성으로 인한 Part 부식 | Z60: 내부 PM 및 PART 교체 | AA60: 파트 | AB60: ABSORBER | AC60: 905-009-001 | AD60: - | AE60: 16 | AF60: 1년 | AG60: 1741 | AH60: 유상 | AI60: - | AJ60: - | AK60: Ø10×30×0.4T | AL60: =IF(O60="","OUT",IF(TODAY()>O60+365,"OUT","IN")) -> OUT | AM60: 46002 | AN60: =MONTH(P60) -> 1 | AO60: =P60-AM60 -> 41 | AQ60: 유상
A61: 68 | B61: 파트 | C61: CS4부 | D61: 비아트론 | E61: - | F61: 종합사이트 | G61: - | H61: - | I61: - | J61: - | K61: - | L61: M005536 | M61: MI2000BW | N61: H/W | O61: 44302 | P61: 46043 | Q61: 0.35416667 | R61: 0.64583333 | S61: =R61-Q61 -> 0.29166667 | T61: 4 | U61: =S61*T61 -> 1.1666667 | V61: PM | W61: TBM | X61: Part 부식 | Y61: 장기간 사용 및 PH 산성으로 인한 Part 부식 | Z61: 내부 PM 및 PART 교체 | AA61: 파트 | AB61: NW125 BELLOWS | AC61: M2000-160-S21-50 | AD61: - | AE61: 1 | AF61: 1년 | AG61: 1741 | AH61: 유상 | AI61: - | AJ61: - | AK61: Mi2000 | AL61: =IF(O61="","OUT",IF(TODAY()>O61+365,"OUT","IN")) -> OUT | AM61: 46002 | AN61: =MONTH(P61) -> 1 | AO61: =P61-AM61 -> 41 | AQ61: 유상
A62: 70 | B62: 파트 | C62: CS4부 | D62: 비아트론 | E62: - | F62: 종합사이트 | G62: - | H62: - | I62: - | J62: - | K62: - | L62: M005536 | M62: MI2000BW | N62: H/W | O62: 44302 | P62: 46043 | Q62: 0.35416667 | R62: 0.64583333 | S62: =R62-Q62 -> 0.29166667 | T62: 4 | U62: =S62*T62 -> 1.1666667 | V62: PM | W62: TBM | X62: Part 부식 | Y62: 장기간 사용 및 PH 산성으로 인한 Part 부식 | Z62: 내부 PM 및 PART 교체 | AA62: 파트 | AB62: PUMP | AC62: 901-048-000 | AD62: - | AE62: 1 | AF62: 1년 | AG62: 1741 | AH62: 유상 | AI62: - | AJ62: - | AK62: PM-300PMH, 300W, 단상220V, 60Hz, HOSE, B등급 | AL62: =IF(O62="","OUT",IF(TODAY()>O62+365,"OUT","IN")) -> OUT | AM62: 46002 | AN62: =MONTH(P62) -> 1 | AO62: =P62-AM62 -> 41 | AQ62: 유상
A63: 71 | B63: 파트 | C63: CS4부 | D63: 비아트론 | E63: - | F63: 종합사이트 | G63: - | H63: - | I63: - | J63: - | K63: - | L63: M005536 | M63: MI2000BW | N63: H/W | O63: 44302 | P63: 46043 | Q63: 0.35416667 | R63: 0.64583333 | S63: =R63-Q63 -> 0.29166667 | T63: 4 | U63: =S63*T63 -> 1.1666667 | V63: PM | W63: TBM | X63: Part 부식 | Y63: 장기간 사용 및 PH 산성으로 인한 Part 부식 | Z63: 내부 PM 및 PART 교체 | AA63: 파트 | AB63: PRESSURE SWITCH | AC63: 901-008-004 | AD63: - | AE63: 1 | AF63: 1년 | AG63: 1741 | AH63: 유상 | AI63: - | AJ63: - | AK63: PG35-102R-NR2 | AL63: =IF(O63="","OUT",IF(TODAY()>O63+365,"OUT","IN")) -> OUT | AM63: 46002 | AN63: =MONTH(P63) -> 1 | AO63: =P63-AM63 -> 41 | AQ63: 유상
A64: 72 | B64: 파트 | C64: CS4부 | D64: 비아트론 | E64: - | F64: 종합사이트 | G64: - | H64: - | I64: - | J64: - | K64: - | L64: M005536 | M64: MI2000BW | N64: H/W | O64: 44302 | P64: 46043 | Q64: 0.35416667 | R64: 0.64583333 | S64: =R64-Q64 -> 0.29166667 | T64: 4 | U64: =S64*T64 -> 1.1666667 | V64: PM | W64: TBM | X64: Part 부식 | Y64: 장기간 사용 및 PH 산성으로 인한 Part 부식 | Z64: 내부 PM 및 PART 교체 | AA64: 파트 | AB64: REGULATOR | AC64: 904-004-030 | AD64: - | AE64: 2 | AF64: 1년 | AG64: 840 | AH64: 유상 | AI64: - | AJ64: - | AK64: KSR231-02-HY | AL64: =IF(O64="","OUT",IF(TODAY()>O64+365,"OUT","IN")) -> OUT | AM64: 46002 | AN64: =MONTH(P64) -> 1 | AO64: =P64-AM64 -> 41 | AQ64: 유상
A65: 73 | B65: 파트 | C65: CS4부 | D65: 비아트론 | E65: - | F65: 종합사이트 | G65: - | H65: - | I65: - | J65: - | K65: - | L65: M005536 | M65: MI2000BW | N65: H/W | O65: 44302 | P65: 46043 | Q65: 0.35416667 | R65: 0.64583333 | S65: =R65-Q65 -> 0.29166667 | T65: 4 | U65: =S65*T65 -> 1.1666667 | V65: PM | W65: TBM | X65: Part 부식 | Y65: 장기간 사용 및 PH 산성으로 인한 Part 부식 | Z65: 내부 PM 및 PART 교체 | AA65: 파트 | AB65: GAUGE(WATER) | AC65: 904-004-034 | AD65: - | AE65: 2 | AF65: 1년 | AG65: 840 | AH65: 유상 | AI65: - | AJ65: - | AK65: KPG40-10T 동,아연제거 | AL65: =IF(O65="","OUT",IF(TODAY()>O65+365,"OUT","IN")) -> OUT | AM65: 46002 | AN65: =MONTH(P65) -> 1 | AO65: =P65-AM65 -> 41 | AQ65: 유상
A66: 74 | B66: 파트 | C66: CS4부 | D66: 비아트론 | E66: - | F66: 종합사이트 | G66: - | H66: - | I66: - | J66: - | K66: - | L66: M005536 | M66: MI2000BW | N66: H/W | O66: 44302 | P66: 46043 | Q66: 0.35416667 | R66: 0.64583333 | S66: =R66-Q66 -> 0.29166667 | T66: 4 | U66: =S66*T66 -> 1.1666667 | V66: PM | W66: TBM | X66: Part 부식 | Y66: 장기간 사용 및 PH 산성으로 인한 Part 부식 | Z66: 내부 PM 및 PART 교체 | AA66: 파트 | AB66: MALE ELBOW | AC66: 900-006-009 | AD66: - | AE66: 4 | AF66: 1년 | AG66: 840 | AH66: 유상 | AI66: - | AJ66: - | AK66: 3/4＂x1/2＂ | AL66: =IF(O66="","OUT",IF(TODAY()>O66+365,"OUT","IN")) -> OUT | AM66: 46002 | AN66: =MONTH(P66) -> 1 | AO66: =P66-AM66 -> 41 | AQ66: 유상
A67: 75 | B67: 작업 | C67: CS4부 | D67: 동우화인켐 | E67: - | F67: 종합사이트 | G67: 3공장 | H67: CVD | I67: CVD | J67: 8-A | K67: - | L67: M006103 | M67: 603PW | N67: Plasma | O67: 44497 | P67: 46044 | Q67: 0.39583333 | R67: 0.52083333 | S67: =R67-Q67 -> 0.125 | T67: 2 | U67: =S67*T67 -> 0.25 | V67: PM | W67: TBM | X67: 정기PM 및 Drain 개선 | Y67: 정기PM 및 Drain Valve안열림현상 | Z67: 내부 PM | AA67: - | AB67: 인건비 | AC67: - | AD67: - | AE67: 3 | AF67: 1년 | AG67: - | AH67: 무상 | AI67: - | AJ67: - | AK67: - | AL67: =IF(O67="","OUT",IF(TODAY()>O67+365,"OUT","IN")) -> OUT | AM67: 46009 | AN67: =MONTH(P67) -> 1 | AO67: =P67-AM67 -> 35 | AQ67: 유상
A68: 76 | B68: 파트 | C68: CS4부 | D68: 동우화인켐 | E68: - | F68: 종합사이트 | G68: 3공장 | H68: CVD | I68: CVD | J68: 8-A | K68: - | L68: M006103 | M68: 603PW | N68: Plasma | O68: 44497 | P68: 46044 | Q68: 0.39583333 | R68: 0.52083333 | S68: =R68-Q68 -> 0.125 | T68: 2 | U68: =S68*T68 -> 0.25 | V68: PM | W68: 개선 | X68: 정기PM 및 Drain 개선 | Y68: 정기PM 및 Drain Valve안열림현상 | Z68: SMPS 설치 | AA68: 파트 | AB68: SMPS | AC68: 901-DD1-M1 | AD68: - | AE68: 1 | AF68: 1년 | AG68: - | AH68: 무상 | AI68: - | AJ68: - | AK68: NDR-240-24 | AL68: =IF(O68="","OUT",IF(TODAY()>O68+365,"OUT","IN")) -> OUT | AM68: 46009 | AN68: =MONTH(P68) -> 1 | AO68: =P68-AM68 -> 35 | AQ68: 무상
A69: 77 | B69: 파트 | C69: CS4부 | D69: 동우화인켐 | E69: - | F69: 종합사이트 | G69: 3공장 | H69: CVD | I69: CVD | J69: 8-A | K69: - | L69: M006103 | M69: 603PW | N69: Plasma | O69: 44497 | P69: 46044 | Q69: 0.39583333 | R69: 0.52083333 | S69: =R69-Q69 -> 0.125 | T69: 2 | U69: =S69*T69 -> 0.25 | V69: PM | W69: TBM | X69: 정기PM 및 Drain 개선 | Y69: 정기PM 및 Leak Sensor Fail | Z69: Leak Sensor Film 교체 | AA69: 파트 | AB69: LEAK SENSOR(FILM) | AC69: 901-055-050 | AD69: - | AE69: 3M | AF69: 1년 | AG69: 1547 | AH69: 업체재고 | AI69: - | AJ69: - | AK69: LK08-T1-ST | AL69: =IF(O69="","OUT",IF(TODAY()>O69+365,"OUT","IN")) -> OUT | AM69: 46009 | AN69: =MONTH(P69) -> 1 | AO69: =P69-AM69 -> 35 | AQ69: 업체재고
A70: 78 | B70: 파트 | C70: CS4부 | D70: 동우화인켐 | E70: - | F70: 종합사이트 | G70: 3공장 | H70: CVD | I70: CVD | J70: 8-A | K70: - | L70: M006103 | M70: 603PW | N70: Plasma | O70: 44497 | P70: 46044 | Q70: 0.39583333 | R70: 0.52083333 | S70: =R70-Q70 -> 0.125 | T70: 2 | U70: =S70*T70 -> 0.25 | V70: PM | W70: TBM | X70: 정기PM 및 Drain 개선 | Y70: 정기PM 및 Leak Sensor Fail | Z70: Leak Sensor Connector 교체 | AA70: 파트 | AB70: FILM CONNECTOR(LEAK) | AC70: 901-055-052 | AD70: - | AE70: 5 | AF70: 1년 | AG70: 1547 | AH70: 업체재고 | AI70: - | AJ70: - | AK70: LK08C-STS01-WP | AL70: =IF(O70="","OUT",IF(TODAY()>O70+365,"OUT","IN")) -> OUT | AM70: 46009 | AN70: =MONTH(P70) -> 1 | AO70: =P70-AM70 -> 35 | AQ70: 업체재고
A71: 79 | B71: 작업 | C71: CS4부 | D71: 동우화인켐 | E71: - | F71: 종합사이트 | G71: 3공장 | H71: CVD | I71: CVD | J71: 8-C | K71: - | L71: M006104 | M71: 603PW | N71: Plasma | O71: 44497 | P71: 46044 | Q71: 0.52083333 | R71: 0.64583333 | S71: =R71-Q71 -> 0.125 | T71: 2 | U71: =S71*T71 -> 0.25 | V71: PM | W71: TBM | X71: 정기PM 및 Drain 개선 | Y71: 정기PM 및 Drain Valve안열림현상 | Z71: 내부 PM | AA71: - | AB71: 인건비 | AC71: - | AD71: - | AE71: 3 | AF71: 1년 | AG71: - | AH71: 무상 | AI71: - | AJ71: - | AK71: - | AL71: =IF(O71="","OUT",IF(TODAY()>O71+365,"OUT","IN")) -> OUT | AM71: 46009 | AN71: =MONTH(P71) -> 1 | AO71: =P71-AM71 -> 35 | AQ71: 유상
A72: 80 | B72: 파트 | C72: CS4부 | D72: 동우화인켐 | E72: - | F72: 종합사이트 | G72: 3공장 | H72: CVD | I72: CVD | J72: 8-C | K72: - | L72: M006104 | M72: 603PW | N72: Plasma | O72: 44497 | P72: 46044 | Q72: 0.52083333 | R72: 0.64583333 | S72: =R72-Q72 -> 0.125 | T72: 2 | U72: =S72*T72 -> 0.25 | V72: PM | W72: 개선 | X72: 정기PM 및 Drain 개선 | Y72: 정기PM 및 Drain Valve안열림현상 | Z72: SMPS 설치 | AA72: 파트 | AB72: SMPS | AC72: 901-DD1-M1 | AD72: - | AE72: 1 | AF72: 1년 | AG72: - | AH72: 무상 | AI72: - | AJ72: - | AK72: NDR-240-24 | AL72: =IF(O72="","OUT",IF(TODAY()>O72+365,"OUT","IN")) -> OUT | AM72: 46009 | AN72: =MONTH(P72) -> 1 | AO72: =P72-AM72 -> 35 | AQ72: 무상
A73: 81 | B73: 파트 | C73: CS4부 | D73: 동우화인켐 | E73: - | F73: 종합사이트 | G73: 3공장 | H73: CVD | I73: CVD | J73: 8-C | K73: - | L73: M006104 | M73: 603PW | N73: Plasma | O73: 44497 | P73: 46044 | Q73: 0.52083333 | R73: 0.64583333 | S73: =R73-Q73 -> 0.125 | T73: 2 | U73: =S73*T73 -> 0.25 | V73: PM | W73: TBM | X73: 정기PM 및 Drain 개선 | Y73: 정기PM 및 Leak Sensor Fail | Z73: Leak Sensor Film 교체 | AA73: 파트 | AB73: LEAK SENSOR(FILM) | AC73: 901-055-050 | AD73: - | AE73: 3M | AF73: 1년 | AG73: 1547 | AH73: 업체재고 | AI73: - | AJ73: - | AK73: LK08-T1-ST | AL73: =IF(O73="","OUT",IF(TODAY()>O73+365,"OUT","IN")) -> OUT | AM73: 46009 | AN73: =MONTH(P73) -> 1 | AO73: =P73-AM73 -> 35 | AQ73: 업체재고
A74: 82 | B74: 파트 | C74: CS4부 | D74: 동우화인켐 | E74: - | F74: 종합사이트 | G74: 3공장 | H74: CVD | I74: CVD | J74: 8-C | K74: - | L74: M006104 | M74: 603PW | N74: Plasma | O74: 44497 | P74: 46044 | Q74: 0.52083333 | R74: 0.64583333 | S74: =R74-Q74 -> 0.125 | T74: 2 | U74: =S74*T74 -> 0.25 | V74: PM | W74: TBM | X74: 정기PM 및 Drain 개선 | Y74: 정기PM 및 Leak Sensor Fail | Z74: Leak Sensor Connector 교체 | AA74: 파트 | AB74: FILM CONNECTOR(LEAK) | AC74: 901-055-052 | AD74: - | AE74: 5 | AF74: 1년 | AG74: 1547 | AH74: 업체재고 | AI74: - | AJ74: - | AK74: LK08C-STS01-WP | AL74: =IF(O74="","OUT",IF(TODAY()>O74+365,"OUT","IN")) -> OUT | AM74: 46009 | AN74: =MONTH(P74) -> 1 | AO74: =P74-AM74 -> 35 | AQ74: 업체재고
A75: 83 | B75: 작업 | C75: CS4부 | D75: 동우화인켐 | E75: - | F75: 종합사이트 | G75: 2공장 | H75: CVD | I75: CVD | J75: 4-B | K75: - | L75: M008220 | M75: 603PW | N75: Plasma | O75: 45947 | P75: 46049 | Q75: 0.39583333 | R75: 0.45833333 | S75: =R75-Q75 -> 0.0625 | T75: 3 | U75: =S75*T75 -> 0.1875 | V75: PM | W75: TBM | X75: 정기PM 및 Drain 개선 | Y75: 정기PM 및 Drain Valve안열림현상 | Z75: 내부 PM | AA75: - | AB75: 인건비 | AC75: - | AD75: - | AE75: 4 | AF75: 1년 | AG75: - | AH75: 무상 | AI75: - | AJ75: - | AK75: - | AL75: =IF(O75="","OUT",IF(TODAY()>O75+365,"OUT","IN")) -> IN | AM75: 46037 | AN75: =MONTH(P75) -> 1 | AO75: =P75-AM75 -> 12 | AQ75: 무상
A76: 84 | B76: 파트 | C76: CS4부 | D76: 동우화인켐 | E76: - | F76: 종합사이트 | G76: 2공장 | H76: CVD | I76: CVD | J76: 4-B | K76: - | L76: M008220 | M76: 603PW | N76: Plasma | O76: 45947 | P76: 46049 | Q76: 0.39583333 | R76: 0.45833333 | S76: =R76-Q76 -> 0.0625 | T76: 3 | U76: =S76*T76 -> 0.1875 | V76: PM | W76: TBM | X76: 정기PM 및 Drain 개선 | Y76: 정기PM 및 Drain Valve안열림현상 | Z76: SMPS 설치 | AA76: 파트 | AB76: SMPS | AC76: 901-DD1-M1 | AD76: - | AE76: 1 | AF76: 1년 | AG76: - | AH76: 무상 | AI76: - | AJ76: - | AK76: NDR-240-24 | AL76: =IF(O76="","OUT",IF(TODAY()>O76+365,"OUT","IN")) -> IN | AM76: 46037 | AN76: =MONTH(P76) -> 1 | AO76: =P76-AM76 -> 12 | AQ76: 무상
A77: 85 | B77: 파트 | C77: CS4부 | D77: 동우화인켐 | E77: - | F77: 종합사이트 | G77: 2공장 | H77: CVD | I77: CVD | J77: 4-B | K77: - | L77: M008220 | M77: 603PW | N77: Plasma | O77: 45947 | P77: 46049 | Q77: 0.39583333 | R77: 0.45833333 | S77: =R77-Q77 -> 0.0625 | T77: 3 | U77: =S77*T77 -> 0.1875 | V77: PM | W77: TBM | X77: 정기PM 및 Drain 개선 | Y77: 정기PM 및 Drain Valve안열림현상 | Z77: RELAY 설치 | AA77: 파트 | AB77: RELAY(슬림형) | AC77: 901-R20-05 | AD77: - | AE77: 2 | AF77: 1년 | AG77: - | AH77: 무상 | AI77: - | AJ77: - | AK77: K706-2PLD-24VDC | AL77: =IF(O77="","OUT",IF(TODAY()>O77+365,"OUT","IN")) -> IN | AM77: 46037 | AN77: =MONTH(P77) -> 1 | AO77: =P77-AM77 -> 12 | AQ77: 무상
A78: 86 | B78: 파트 | C78: CS4부 | D78: 동우화인켐 | E78: - | F78: 종합사이트 | G78: 2공장 | H78: CVD | I78: CVD | J78: 4-B | K78: - | L78: M008220 | M78: 603PW | N78: Plasma | O78: 45947 | P78: 46049 | Q78: 0.39583333 | R78: 0.45833333 | S78: =R78-Q78 -> 0.0625 | T78: 3 | U78: =S78*T78 -> 0.1875 | V78: PM | W78: TBM | X78: 정기PM 및 Drain 개선 | Y78: 정기PM 및 Drain Valve안열림현상 | Z78: RELAY 설치 | AA78: 파트 | AB78: RELAY(슬립/다이오드형) | AC78: 901-R20-05-02 | AD78: - | AE78: 2 | AF78: 1년 | AG78: - | AH78: 무상 | AI78: - | AJ78: - | AK78: K706-2PLD-24VDC,2 | AL78: =IF(O78="","OUT",IF(TODAY()>O78+365,"OUT","IN")) -> IN | AM78: 46037 | AN78: =MONTH(P78) -> 1 | AO78: =P78-AM78 -> 12 | AQ78: 무상
A79: 87 | B79: 작업 | C79: CS4부 | D79: 동우화인켐 | E79: - | F79: 종합사이트 | G79: 2공장 | H79: CVD | I79: CVD | J79: 4-C | K79: - | L79: M008223 | M79: 603PW | N79: Plasma | O79: 45951 | P79: 46049 | Q79: 0.45833333 | R79: 0.52083333 | S79: =R79-Q79 -> 0.0625 | T79: 3 | U79: =S79*T79 -> 0.1875 | V79: PM | W79: TBM | X79: 정기PM 및 Drain 개선 | Y79: 정기PM 및 Drain Valve안열림현상 | Z79: 내부 PM | AA79: - | AB79: 인건비 | AC79: - | AD79: - | AE79: 4 | AF79: 1년 | AG79: - | AH79: 무상 | AI79: - | AJ79: - | AK79: - | AL79: =IF(O79="","OUT",IF(TODAY()>O79+365,"OUT","IN")) -> IN | AM79: 46021 | AN79: =MONTH(P79) -> 1 | AO79: =P79-AM79 -> 28 | AQ79: 무상
A80: 88 | B80: 파트 | C80: CS4부 | D80: 동우화인켐 | E80: - | F80: 종합사이트 | G80: 2공장 | H80: CVD | I80: CVD | J80: 4-C | K80: - | L80: M008223 | M80: 603PW | N80: Plasma | O80: 45951 | P80: 46049 | Q80: 0.45833333 | R80: 0.52083333 | S80: =R80-Q80 -> 0.0625 | T80: 3 | U80: =S80*T80 -> 0.1875 | V80: PM | W80: TBM | X80: 정기PM 및 Drain 개선 | Y80: 정기PM 및 Drain Valve안열림현상 | Z80: SMPS 설치 | AA80: 파트 | AB80: SMPS | AC80: 901-DD1-M1 | AD80: - | AE80: 1 | AF80: 1년 | AG80: - | AH80: 무상 | AI80: - | AJ80: - | AK80: NDR-240-24 | AL80: =IF(O80="","OUT",IF(TODAY()>O80+365,"OUT","IN")) -> IN | AM80: 46021 | AN80: =MONTH(P80) -> 1 | AO80: =P80-AM80 -> 28 | AQ80: 무상
A81: 89 | B81: 파트 | C81: CS4부 | D81: 동우화인켐 | E81: - | F81: 종합사이트 | G81: 2공장 | H81: CVD | I81: CVD | J81: 4-C | K81: - | L81: M008223 | M81: 603PW | N81: Plasma | O81: 45951 | P81: 46049 | Q81: 0.45833333 | R81: 0.52083333 | S81: =R81-Q81 -> 0.0625 | T81: 3 | U81: =S81*T81 -> 0.1875 | V81: PM | W81: TBM | X81: 정기PM 및 Drain 개선 | Y81: 정기PM 및 Drain Valve안열림현상 | Z81: RELAY 설치 | AA81: 파트 | AB81: RELAY(슬림형) | AC81: 901-R20-05 | AD81: - | AE81: 2 | AF81: 1년 | AG81: - | AH81: 무상 | AI81: - | AJ81: - | AK81: K706-2PLD-24VDC | AL81: =IF(O81="","OUT",IF(TODAY()>O81+365,"OUT","IN")) -> IN | AM81: 46021 | AN81: =MONTH(P81) -> 1 | AO81: =P81-AM81 -> 28 | AQ81: 무상
A82: 90 | B82: 파트 | C82: CS4부 | D82: 동우화인켐 | E82: - | F82: 종합사이트 | G82: 2공장 | H82: CVD | I82: CVD | J82: 4-C | K82: - | L82: M008223 | M82: 603PW | N82: Plasma | O82: 45951 | P82: 46049 | Q82: 0.45833333 | R82: 0.52083333 | S82: =R82-Q82 -> 0.0625 | T82: 3 | U82: =S82*T82 -> 0.1875 | V82: PM | W82: TBM | X82: 정기PM 및 Drain 개선 | Y82: 정기PM 및 Drain Valve안열림현상 | Z82: RELAY 설치 | AA82: 파트 | AB82: RELAY(슬립/다이오드형) | AC82: 901-R20-05-02 | AD82: - | AE82: 2 | AF82: 1년 | AG82: - | AH82: 무상 | AI82: - | AJ82: - | AK82: K706-2PLD-24VDC,2 | AL82: =IF(O82="","OUT",IF(TODAY()>O82+365,"OUT","IN")) -> IN | AM82: 46021 | AN82: =MONTH(P82) -> 1 | AO82: =P82-AM82 -> 28 | AQ82: 무상
A83: 91 | B83: 작업 | C83: CS4부 | D83: 동우화인켐 | E83: - | F83: 종합사이트 | G83: 2공장 | H83: CVD | I83: CVD | J83: 4-D | K83: - | L83: M008221 | M83: 603PW | N83: Plasma | O83: 45947 | P83: 46049 | Q83: 0.52083333 | R83: 0.5625 | S83: =R83-Q83 -> 0.041666667 | T83: 3 | U83: =S83*T83 -> 0.125 | V83: PM | W83: TBM | X83: 정기PM 및 Drain 개선 | Y83: 정기PM 및 Drain Valve안열림현상 | Z83: 내부 PM | AA83: - | AB83: 인건비 | AC83: - | AD83: - | AE83: 4 | AF83: 1년 | AG83: - | AH83: 무상 | AI83: - | AJ83: - | AK83: - | AL83: =IF(O83="","OUT",IF(TODAY()>O83+365,"OUT","IN")) -> IN | AM83: 46021 | AN83: =MONTH(P83) -> 1 | AO83: =P83-AM83 -> 28 | AQ83: 무상
A84: 92 | B84: 파트 | C84: CS4부 | D84: 동우화인켐 | E84: - | F84: 종합사이트 | G84: 2공장 | H84: CVD | I84: CVD | J84: 4-D | K84: - | L84: M008221 | M84: 603PW | N84: Plasma | O84: 45947 | P84: 46049 | Q84: 0.52083333 | R84: 0.5625 | S84: =R84-Q84 -> 0.041666667 | T84: 3 | U84: =S84*T84 -> 0.125 | V84: PM | W84: TBM | X84: 정기PM 및 Drain 개선 | Y84: 정기PM 및 Drain Valve안열림현상 | Z84: SMPS 설치 | AA84: 파트 | AB84: SMPS | AC84: 901-DD1-M1 | AD84: - | AE84: 1 | AF84: 1년 | AG84: - | AH84: 무상 | AI84: - | AJ84: - | AK84: NDR-240-24 | AL84: =IF(O84="","OUT",IF(TODAY()>O84+365,"OUT","IN")) -> IN | AM84: 46021 | AN84: =MONTH(P84) -> 1 | AO84: =P84-AM84 -> 28 | AQ84: 무상
A85: 93 | B85: 파트 | C85: CS4부 | D85: 동우화인켐 | E85: - | F85: 종합사이트 | G85: 2공장 | H85: CVD | I85: CVD | J85: 4-D | K85: - | L85: M008221 | M85: 603PW | N85: Plasma | O85: 45947 | P85: 46049 | Q85: 0.52083333 | R85: 0.5625 | S85: =R85-Q85 -> 0.041666667 | T85: 3 | U85: =S85*T85 -> 0.125 | V85: PM | W85: TBM | X85: 정기PM 및 Drain 개선 | Y85: 정기PM 및 Drain Valve안열림현상 | Z85: RELAY 설치 | AA85: 파트 | AB85: RELAY(슬림형) | AC85: 901-R20-05 | AD85: - | AE85: 2 | AF85: 1년 | AG85: - | AH85: 무상 | AI85: - | AJ85: - | AK85: K706-2PLD-24VDC | AL85: =IF(O85="","OUT",IF(TODAY()>O85+365,"OUT","IN")) -> IN | AM85: 46021 | AN85: =MONTH(P85) -> 1 | AO85: =P85-AM85 -> 28 | AQ85: 무상
A86: 94 | B86: 파트 | C86: CS4부 | D86: 동우화인켐 | E86: - | F86: 종합사이트 | G86: 2공장 | H86: CVD | I86: CVD | J86: 4-D | K86: - | L86: M008221 | M86: 603PW | N86: Plasma | O86: 45947 | P86: 46049 | Q86: 0.52083333 | R86: 0.5625 | S86: =R86-Q86 -> 0.041666667 | T86: 3 | U86: =S86*T86 -> 0.125 | V86: PM | W86: TBM | X86: 정기PM 및 Drain 개선 | Y86: 정기PM 및 Drain Valve안열림현상 | Z86: RELAY 설치 | AA86: 파트 | AB86: RELAY(슬립/다이오드형) | AC86: 901-R20-05-02 | AD86: - | AE86: 2 | AF86: 1년 | AG86: - | AH86: 무상 | AI86: - | AJ86: - | AK86: K706-2PLD-24VDC,2 | AL86: =IF(O86="","OUT",IF(TODAY()>O86+365,"OUT","IN")) -> IN | AM86: 46021 | AN86: =MONTH(P86) -> 1 | AO86: =P86-AM86 -> 28 | AQ86: 무상
A87: 95 | B87: 작업 | C87: CS4부 | D87: 메카로(성본) | E87: - | F87: 종합사이트 | G87: - | H87: H2 | I87: H2 | J87: - | K87: - | L87: M007238 | M87: MI2500BW | N87: H/W | O87: 45462 | P87: 46048 | Q87: 0.35416667 | R87: 0.54166667 | S87: =R87-Q87 -> 0.1875 | T87: 5 | U87: =S87*T87 -> 0.9375 | V87: PM | W87: TBM | X87: 정기PM | Y87: 정기PM | Z87: 내부 PM | AA87: - | AB87: 인건비 | AC87: - | AD87: - | AE87: 5 | AF87: - | AG87: - | AH87: 유상 | AI87: - | AJ87: - | AK87: - | AL87: =IF(O87="","OUT",IF(TODAY()>O87+365,"OUT","IN")) -> OUT | AM87: 46015 | AN87: =MONTH(P87) -> 1 | AO87: =P87-AM87 -> 33 | AQ87: 유상
A88: 96 | B88: 파트 | C88: CS4부 | D88: 메카로(성본) | E88: - | F88: 종합사이트 | G88: - | H88: H2 | I88: H2 | J88: - | K88: - | L88: M007238 | M88: MI2500BW | N88: H/W | O88: 45462 | P88: 46048 | Q88: 0.35416667 | R88: 0.54166667 | S88: =R88-Q88 -> 0.1875 | T88: 5 | U88: =S88*T88 -> 0.9375 | V88: PM | W88: TBM | X88: 정기PM | Y88: 정기PM | Z88: 내부 PM 및 PART 교체 | AA88: 파트 | AB88: O-RING(M2500) | AC88: 903-001-214 | AD88: - | AE88: 2 | AF88: 1년 | AG88: 33 | AH88: 유상 | AI88: - | AJ88: - | AK88: (외경 828x828)XØ8 | AL88: =IF(O88="","OUT",IF(TODAY()>O88+365,"OUT","IN")) -> OUT | AM88: 46015 | AN88: =MONTH(P88) -> 1 | AO88: =P88-AM88 -> 33 | AQ88: 유상
A89: 97 | B89: 파트 | C89: CS4부 | D89: 메카로(성본) | E89: - | F89: 종합사이트 | G89: - | H89: H2 | I89: H2 | J89: - | K89: - | L89: M007238 | M89: MI2500BW | N89: H/W | O89: 45462 | P89: 46048 | Q89: 0.35416667 | R89: 0.54166667 | S89: =R89-Q89 -> 0.1875 | T89: 5 | U89: =S89*T89 -> 0.9375 | V89: PM | W89: TBM | X89: 정기PM | Y89: 정기PM | Z89: 내부 PM 및 PART 교체 | AA89: 파트 | AB89: O-RING(2500) | AC89: 903-001-217 | AD89: - | AE89: 1 | AF89: 1년 | AG89: 33 | AH89: 유상 | AI89: - | AJ89: - | AK89: Ø8X3034.4L | AL89: =IF(O89="","OUT",IF(TODAY()>O89+365,"OUT","IN")) -> OUT | AM89: 46015 | AN89: =MONTH(P89) -> 1 | AO89: =P89-AM89 -> 33 | AQ89: 유상
A90: 98 | B90: 파트 | C90: CS4부 | D90: 메카로(성본) | E90: - | F90: 종합사이트 | G90: - | H90: H2 | I90: H2 | J90: - | K90: - | L90: M007238 | M90: MI2500BW | N90: H/W | O90: 45462 | P90: 46048 | Q90: 0.35416667 | R90: 0.54166667 | S90: =R90-Q90 -> 0.1875 | T90: 5 | U90: =S90*T90 -> 0.9375 | V90: PM | W90: TBM | X90: 정기PM | Y90: 정기PM | Z90: 내부 PM 및 PART 교체 | AA90: 파트 | AB90: CENTER-RING | AC90: 903-010-005 | AD90: - | AE90: 1 | AF90: 1년 | AG90: 33 | AH90: 유상 | AI90: - | AJ90: - | AK90: NW160-오링 포함 | AL90: =IF(O90="","OUT",IF(TODAY()>O90+365,"OUT","IN")) -> OUT | AM90: 46015 | AN90: =MONTH(P90) -> 1 | AO90: =P90-AM90 -> 33 | AQ90: 유상
A91: 99 | B91: 파트 | C91: CS4부 | D91: 메카로(성본) | E91: - | F91: 종합사이트 | G91: - | H91: H2 | I91: H2 | J91: - | K91: - | L91: M007238 | M91: MI2500BW | N91: H/W | O91: 45462 | P91: 46048 | Q91: 0.35416667 | R91: 0.54166667 | S91: =R91-Q91 -> 0.1875 | T91: 5 | U91: =S91*T91 -> 0.9375 | V91: PM | W91: TBM | X91: 정기PM | Y91: 정기PM | Z91: 내부 PM 및 PART 교체 | AA91: 파트 | AB91: CENTER-RING | AC91: 903-010-005 | AD91: - | AE91: 8 | AF91: 1년 | AG91: 33 | AH91: 유상 | AI91: - | AJ91: - | AK91: NW50-오링 포함 | AL91: =IF(O91="","OUT",IF(TODAY()>O91+365,"OUT","IN")) -> OUT | AM91: 46015 | AN91: =MONTH(P91) -> 1 | AO91: =P91-AM91 -> 33 | AQ91: 유상
A92: 100 | B92: 파트 | C92: CS4부 | D92: 메카로(성본) | E92: - | F92: 종합사이트 | G92: - | H92: H2 | I92: H2 | J92: - | K92: - | L92: M007238 | M92: MI2500BW | N92: H/W | O92: 45462 | P92: 46048 | Q92: 0.35416667 | R92: 0.54166667 | S92: =R92-Q92 -> 0.1875 | T92: 5 | U92: =S92*T92 -> 0.9375 | V92: PM | W92: TBM | X92: 정기PM | Y92: 정기PM | Z92: 내부 PM 및 PART 교체 | AA92: 파트 | AB92: 폴링-Absorber | AC92: 905-009-001-01 | AD92: - | AE92: ? | AF92: 1년 | AG92: 33 | AH92: 유상 | AI92: - | AJ92: - | AK92: 1＂-폴링(STS) / ø25*L25 | AL92: =IF(O92="","OUT",IF(TODAY()>O92+365,"OUT","IN")) -> OUT | AM92: 46015 | AN92: =MONTH(P92) -> 1 | AO92: =P92-AM92 -> 33 | AQ92: 유상
A93: 101 | B93: 작업 | C93: CS4부 | D93: 메카로(성본) | E93: - | F93: 종합사이트 | G93: - | H93: H2 | I93: H2 | J93: - | K93: - | L93: M007234 | M93: MI2500BW | N93: H/W | O93: 45462 | P93: 46048 | Q93: 0.35416667 | R93: 0.54166667 | S93: =R93-Q93 -> 0.1875 | T93: 5 | U93: =S93*T93 -> 0.9375 | V93: PM | W93: TBM | X93: 정기PM | Y93: 정기PM | Z93: 내부 PM | AA93: - | AB93: 인건비 | AC93: - | AD93: - | AE93: 5 | AF93: - | AG93: - | AH93: 유상 | AI93: - | AJ93: - | AK93: - | AL93: =IF(O93="","OUT",IF(TODAY()>O93+365,"OUT","IN")) -> OUT | AM93: 46015 | AN93: =MONTH(P93) -> 1 | AO93: =P93-AM93 -> 33 | AQ93: 유상
A94: 102 | B94: 파트 | C94: CS4부 | D94: 메카로(성본) | E94: - | F94: 종합사이트 | G94: - | H94: H2 | I94: H2 | J94: - | K94: - | L94: M007234 | M94: MI2500BW | N94: H/W | O94: 45462 | P94: 46048 | Q94: 0.35416667 | R94: 0.54166667 | S94: =R94-Q94 -> 0.1875 | T94: 5 | U94: =S94*T94 -> 0.9375 | V94: PM | W94: TBM | X94: 정기PM | Y94: 정기PM | Z94: 내부 PM 및 PART 교체 | AA94: 파트 | AB94: O-RING(M2500) | AC94: 903-001-214 | AD94: - | AE94: 2 | AF94: 1년 | AG94: 33 | AH94: 유상 | AI94: - | AJ94: - | AK94: (외경 828x828)XØ8 | AL94: =IF(O94="","OUT",IF(TODAY()>O94+365,"OUT","IN")) -> OUT | AM94: 46015 | AN94: =MONTH(P94) -> 1 | AO94: =P94-AM94 -> 33 | AQ94: 유상
A95: 103 | B95: 파트 | C95: CS4부 | D95: 메카로(성본) | E95: - | F95: 종합사이트 | G95: - | H95: H2 | I95: H2 | J95: - | K95: - | L95: M007234 | M95: MI2500BW | N95: H/W | O95: 45462 | P95: 46048 | Q95: 0.35416667 | R95: 0.54166667 | S95: =R95-Q95 -> 0.1875 | T95: 5 | U95: =S95*T95 -> 0.9375 | V95: PM | W95: TBM | X95: 정기PM | Y95: 정기PM | Z95: 내부 PM 및 PART 교체 | AA95: 파트 | AB95: O-RING(2500) | AC95: 903-001-217 | AD95: - | AE95: 1 | AF95: 1년 | AG95: 33 | AH95: 유상 | AI95: - | AJ95: - | AK95: Ø8X3034.4L | AL95: =IF(O95="","OUT",IF(TODAY()>O95+365,"OUT","IN")) -> OUT | AM95: 46015 | AN95: =MONTH(P95) -> 1 | AO95: =P95-AM95 -> 33 | AQ95: 유상
A96: 104 | B96: 파트 | C96: CS4부 | D96: 메카로(성본) | E96: - | F96: 종합사이트 | G96: - | H96: H2 | I96: H2 | J96: - | K96: - | L96: M007234 | M96: MI2500BW | N96: H/W | O96: 45462 | P96: 46048 | Q96: 0.35416667 | R96: 0.54166667 | S96: =R96-Q96 -> 0.1875 | T96: 5 | U96: =S96*T96 -> 0.9375 | V96: PM | W96: TBM | X96: 정기PM | Y96: 정기PM | Z96: 내부 PM 및 PART 교체 | AA96: 파트 | AB96: CENTER-RING | AC96: 903-010-005 | AD96: - | AE96: 1 | AF96: 1년 | AG96: 33 | AH96: 유상 | AI96: - | AJ96: - | AK96: NW160-오링 포함 | AL96: =IF(O96="","OUT",IF(TODAY()>O96+365,"OUT","IN")) -> OUT | AM96: 46015 | AN96: =MONTH(P96) -> 1 | AO96: =P96-AM96 -> 33 | AQ96: 유상
A97: 105 | B97: 파트 | C97: CS4부 | D97: 메카로(성본) | E97: - | F97: 종합사이트 | G97: - | H97: H2 | I97: H2 | J97: - | K97: - | L97: M007234 | M97: MI2500BW | N97: H/W | O97: 45462 | P97: 46048 | Q97: 0.35416667 | R97: 0.54166667 | S97: =R97-Q97 -> 0.1875 | T97: 5 | U97: =S97*T97 -> 0.9375 | V97: PM | W97: TBM | X97: 정기PM | Y97: 정기PM | Z97: 내부 PM 및 PART 교체 | AA97: 파트 | AB97: CENTER-RING | AC97: 903-010-005 | AD97: - | AE97: 8 | AF97: 1년 | AG97: 33 | AH97: 유상 | AI97: - | AJ97: - | AK97: NW50-오링 포함 | AL97: =IF(O97="","OUT",IF(TODAY()>O97+365,"OUT","IN")) -> OUT | AM97: 46015 | AN97: =MONTH(P97) -> 1 | AO97: =P97-AM97 -> 33 | AQ97: 유상
A98: 106 | B98: 파트 | C98: CS4부 | D98: 메카로(성본) | E98: - | F98: 종합사이트 | G98: - | H98: H2 | I98: H2 | J98: - | K98: - | L98: M007234 | M98: MI2500BW | N98: H/W | O98: 45462 | P98: 46048 | Q98: 0.35416667 | R98: 0.54166667 | S98: =R98-Q98 -> 0.1875 | T98: 5 | U98: =S98*T98 -> 0.9375 | V98: PM | W98: TBM | X98: 정기PM | Y98: 정기PM | Z98: 내부 PM 및 PART 교체 | AA98: 파트 | AB98: 폴링-Absorber | AC98: 905-009-001-01 | AD98: - | AE98: ? | AF98: 1년 | AG98: 33 | AH98: 유상 | AI98: - | AJ98: - | AK98: 1＂-폴링(STS) / ø25*L25 | AL98: =IF(O98="","OUT",IF(TODAY()>O98+365,"OUT","IN")) -> OUT | AM98: 46015 | AN98: =MONTH(P98) -> 1 | AO98: =P98-AM98 -> 33 | AQ98: 유상
A99: 107 | B99: 작업 | C99: CS4부 | D99: 메카로(성본) | E99: - | F99: 종합사이트 | G99: - | H99: H2 | I99: H2 | J99: - | K99: - | L99: M007236 | M99: MI2500BW | N99: H/W | O99: 45462 | P99: 46050 | Q99: 0.35416667 | R99: 0.54166667 | S99: =R99-Q99 -> 0.1875 | T99: 5 | U99: =S99*T99 -> 0.9375 | V99: PM | W99: TBM | X99: 정기PM | Y99: 정기PM | Z99: 내부 PM | AA99: - | AB99: 인건비 | AC99: - | AD99: - | AE99: 5 | AF99: - | AG99: - | AH99: 유상 | AI99: - | AJ99: - | AK99: - | AL99: =IF(O99="","OUT",IF(TODAY()>O99+365,"OUT","IN")) -> OUT | AM99: 46015 | AN99: =MONTH(P99) -> 1 | AO99: =P99-AM99 -> 35 | AQ99: 유상
A100: 108 | B100: 파트 | C100: CS4부 | D100: 메카로(성본) | E100: - | F100: 종합사이트 | G100: - | H100: H2 | I100: H2 | J100: - | K100: - | L100: M007236 | M100: MI2500BW | N100: H/W | O100: 45462 | P100: 46050 | Q100: 0.35416667 | R100: 0.54166667 | S100: =R100-Q100 -> 0.1875 | T100: 5 | U100: =S100*T100 -> 0.9375 | V100: PM | W100: TBM | X100: 정기PM | Y100: 정기PM | Z100: 내부 PM 및 PART 교체 | AA100: 파트 | AB100: O-RING(M2500) | AC100: 903-001-214 | AD100: - | AE100: 2 | AF100: 1년 | AG100: 35 | AH100: 유상 | AI100: - | AJ100: - | AK100: (외경 828x828)XØ8 | AL100: =IF(O100="","OUT",IF(TODAY()>O100+365,"OUT","IN")) -> OUT | AM100: 46015 | AN100: =MONTH(P100) -> 1 | AO100: =P100-AM100 -> 35 | AQ100: 유상
...

Sheet Alarm 및 사용Part 이력(미사용)
A1: ■ 2021년도 점검 및 Part 사용이력
A2: NO. | B2: 상호 | C2: MODEL | D2: S/N | E2: Set-Up 일자 | F2: WARRENTY Out 여부 | G2: 이전 PM일 | H2: PM(작업) 일자 | I2: 월 | J2: 경과일 | K2: 작업자1 | L2: 작업자2 | M2: 작업자3 | N2: 작업자4 | O2: 유형 (점검,PM,파트교체,원인분석) | P2: Alarm 명 (현상 / 주원인) | Q2: 사용 Part | R2: 규격 | S2: Part Code | T2: 수량 | U2: 단위 | V2: 유/무상/ (업체)재고
A3: 1 | B3: AND | C3: 507BWA | D3: M002622 | F3: =IF(E3="","OUT",IF(TODAY()>E3+365,"OUT","IN")) -> OUT | G3: 43862 | H3: 44228 | I3: =MONTH(H3) -> 2 | J3: - | K3: 강웅모 | L3: 조재현 | O3: 점검 및 파트교체 | P3: Heater Fail로 인한 Team#1 Low알람 | Q3: HEATER | R3: 507,1207용(KANTHAL)- | S3: 901-030-104 | T3: 4 | U3: ea | V3: 유상
A4: 2 | B4: 동우화인켐 | C4: 1207BWA | D4: M002643 | E4: - | F4: - | G4: - | H4: 44228 | I4: =MONTH(H4) -> 2 | J4: =H4-G4 -> #VALUE! | K4: 정동교 | L4: 강웅모 | M4: 조재현 | O4: 점검 및 파트교체 | P4: Water Leak | Q4: PRESSURE SWITCH | R4: 901.64.PRESCAL , 50mbar~250mbar | S4: 901-055-026 | T4: 1 | U4: ea | V4: 유상
A5: 3 | B5: 동우화인켐 | C5: 1207BWA | D5: M002643 | E5: - | F5: - | G5: - | H5: 44228 | I5: =MONTH(H5) -> 2 | J5: =H5-G5 -> #VALUE! | K5: 정동교 | L5: 강웅모 | M5: 조재현 | O5: 점검 및 파트교체 | P5: Water Leak | Q5: FLOW METER(WATER) | R5: Z-300 (7L) | S5: 904-001-048 | T5: 1 | U5: ea | V5: 유상
A6: 4 | B6: 동우화인켐 | C6: 1207BWA | D6: M002643 | E6: - | F6: - | G6: - | H6: 44228 | I6: =MONTH(H6) -> 2 | J6: =H6-G6 -> #VALUE! | K6: 정동교 | L6: 강웅모 | M6: 조재현 | O6: 점검 및 파트교체 | P6: Water Leak | Q6: 페럴 | R6: 3/8＂-(너트포함) | S6: 900-003-003 | T6: 1 | U6: ea | V6: 유상
A7: 5 | B7: 동우화인켐 | C7: 1207BWA | D7: M002643 | E7: - | F7: - | G7: - | H7: 44228 | I7: =MONTH(H7) -> 2 | J7: =H7-G7 -> #VALUE! | K7: 정동교 | L7: 강웅모 | M7: 조재현 | O7: 점검 및 파트교체 | P7: Water Leak | Q7: 페럴 21 | R7: 1/2＂(너트포함) | S7: 900-003-000 | T7: 5 | U7: ea | V7: 유상
A8: 6 | B8: 동우화인켐 | C8: 1207BWA | D8: M002643 | E8: - | F8: - | G8: - | H8: 44228 | I8: =MONTH(H8) -> 2 | J8: =H8-G8 -> #VALUE! | K8: 강웅모 | L8: 조재현 | O8: PM,파트교체 | P8: PM | Q8: 사각 O-Ring | R8: 519*519 | S8: 903-001-210 | T8: 2 | U8: ea | V8: 업체 재고
A9: 7 | B9: 동우화인켐 | C9: 1207BWA | D9: M002643 | E9: - | F9: - | G9: - | H9: 44228 | I9: =MONTH(H9) -> 2 | K9: 정민욱 | O9: 이온스크러버 Leak | P9: Water Leak | Q9: 업체 방문하여 원인파악 | R9: - | S9: - | T9: - | U9: - | V9: -
A10: 8 | B10: 동우화인켐 | C10: 1207BWA | D10: M002643 | E10: - | F10: - | G10: - | H10: 44228 | I10: =MONTH(H10) -> 2 | J10: =H10-G10 -> #VALUE! | K10: 정민욱 | L10: 유니온테크(양동수부장) | O10: 이온스크러버 파트교체 | P10: - | Q10: ball type check valve(유니온테크에서 수급) | R10: - | S10: - | T10: 1 | U10: ea | V10: -
A11: 9 | B11: 동우화인켐 | C11: 1207BWA | D11: M002643 | E11: - | F11: - | G11: - | H11: 44228 | I11: =MONTH(H11) -> 2 | J11: =H11-G11 -> #VALUE! | K11: 정민욱 | O11: 파트교체 | P11: 열교환기 pump 공회전으로 인한 fail | Q11: 자흡식 pump | R11: NH-250PS-SP(자흡식) | S11: 901-048-014 | T11: 1 | U11: ea | V11: 유상
A12: 10 | B12: 동우화인켐 | C12: 1207BWA | D12: M002643 | E12: - | F12: - | G12: - | H12: 44228 | I12: =MONTH(H12) -> 2 | J12: =H12-G12 -> #VALUE! | K12: 정민욱 | O12: Trouble 점검 | P12: 이온스크러버 leak 로 인한 pump 침수로 main 전원 트립 | Q12: - | R12: - | S12: - | T12: - | U12: - | V12: 무상
A13: 11 | B13: 동우화인켐 | C13: 1207BWA | D13: M002643 | E13: - | F13: - | G13: - | H13: 44228 | I13: =MONTH(H13) -> 2 | J13: =H13-G13 -> #VALUE! | K13: 정민욱 | O13: Trouble 점검 | P13: 이온스크러버 leak 로 인한 pump 침수로 main 전원 트립 | Q13: - | R13: - | S13: - | T13: - | U13: - | V13: 무상
A14: 12 | B14: 미래보 | C14: 507BWS | D14: M005055 | E14: - | F14: OUT | G14: - | H14: 44279 | I14: =MONTH(H14) -> 3 | J14: =H14-G14 -> #VALUE! | K14: 강웅모 | L14: 조재현 | O14: PM,파트교체 | P14: Exh.Tower 부식(파우더 고착,코팅뜸현상) | Q14: EXH. MIDDLE | R14: 일체형 | S14: 1207A-160-S02-30 | T14: 1 | U14: ea | V14: 업체 재고
A15: 13 | B15: KIST | C15: MAT501 | D15: 20031013-KI-458 | F15: =IF(E15="","OUT",IF(TODAY()>E15+365,"OUT","IN")) -> OUT | G15: 43101 | H15: 44284 | I15: =MONTH(H15) -> 3 | J15: =H15-G15 -> 1183 | K15: 강웅모 | L15: 조재현 | O15: PM,파트교체 | P15: Exh연결단 Center-Ring 부식 | Q15: Center-Ring | R15: NW100 | S15: 903-010-003 | T15: 2 | U15: ea | V15: 업체 재고
A16: 14 | B16: 온세미컨덕터코리아 | C16: 1501HW | D16: M004953 | E16: 43560 | F16: =IF(E16="","OUT",IF(TODAY()>E16+365,"OUT","IN")) -> OUT | G16: 44271 | H16: 44285 | I16: =MONTH(H16) -> 3 | J16: =H16-G16 -> 14 | K16: 강웅모 | L16: 조재현 | O16: PM,파트교체 | P16: ABSORBER 부식 | Q16: Absorber | R16: 1＂-폴링(STS) | S16: 905-009-001-01 | T16: 6 | U16: kg | V16: 업체 재고
A17: 15 | B17: 한국알박 | C17: 이온스크러버 | D17: No Serial | F17: =IF(E17="","OUT",IF(TODAY()>E17+365,"OUT","IN")) -> OUT | G17: 44260 | H17: 44286 | I17: =MONTH(H17) -> 3 | J17: =H17-G17 -> 26 | K17: 강웅모 | L17: 조재현 | O17: PM,파트교체 | P17: ABS.Body 부식 | Q17: ABS. KIT BODY | R17: 플레이트분리형 | S17: M400-130-S02-00 | T17: 1 | U17: ea | V17: 업체 재고
A18: 16 | B18: 아데카코리아 | C18: 601WPW | D18: M004988 | E18: 43616 | F18: =IF(E18="","OUT",IF(TODAY()>E18+365,"OUT","IN")) -> OUT | G18: 44265 | H18: 44288 | I18: =MONTH(H18) -> 4 | J18: =H18-G18 -> 23 | K18: 강웅모 | L18: 조재현 | O18: PM,파트교체 | P18: ABS.Plate 부식 | Q18: ABS. KIT PLATE | R18: 1207-NEW | S18: 1207-130-S01-20 | T18: 1 | U18: ea | V18: 업체 재고
A19: 17 | B19: 아데카코리아 | C19: 601WPW | D19: M004988 | E19: 43616 | F19: =IF(E19="","OUT",IF(TODAY()>E19+365,"OUT","IN")) -> OUT | G19: 44265 | H19: 44288 | I19: =MONTH(H19) -> 4 | J19: =H19-G19 -> 23 | K19: 강웅모 | L19: 조재현 | O19: PM,파트교체 | P19: ABS.Plate 부식 | Q19: Punching Plate | R19: 480X239.5X5T | S19: M400-130-007-02 | T19: 1 | U19: ea | V19: 업체 재고
A20: 18 | B20: 한국알박 | C20: 이온스크러버 | D20: No Serial | E20: - | F20: OUT | G20: 44286 | H20: 44288 | I20: =MONTH(H20) -> 4 | J20: =H20-G20 -> 2 | K20: 강웅모 | L20: 조재현 | O20: PM,파트교체 | P20: 부식으로 인한 Hall발생 | Q20: Wet Chamber | R20: SMD 개선 | S20: 1207A-140-A30-02 | T20: 1 | U20: ea | V20: 업체 재고
A21: 19 | B21: 온세미컨덕터코리아 | C21: 1501HW | D21: M004952 | E21: 43560 | F21: OUT | G21: 44285 | H21: 44291 | I21: =MONTH(H21) -> 4 | J21: =H21-G21 -> 6 | K21: 강웅모 | L21: 조재현 | M21: 정민욱 | O21: 파트교체 | P21: Pump 임펠라 불량(크렉) | Q21: Pump 임팰러 Assy | R21: PM250용(motor부제외) | S21: 901-048-090 | T21: 1 | U21: ea | V21: 무상
A22: 20 | B22: 온세미컨덕터코리아 | C22: 1501HW | D22: M004952 | E22: 43560 | F22: OUT | G22: 44285 | H22: 44291 | I22: =MONTH(H22) -> 4 | J22: =H22-G22 -> 6 | K22: 강웅모 | L22: 조재현 | O22: PM,파트교체 | P22: PM | Q22: 사각 O-Ring | R22: 519*519 | S22: 903-001-210 | T22: 2 | U22: ea | V22: 업체 재고
A23: 21 | B23: 이루자 | C23: Mi2500BW | D23: M004920 | F23: OUT | H23: 44293 | I23: =MONTH(H23) -> 4 | J23: =H23-G23 -> 44293 | K23: 강웅모 | L23: 조재현 | O23: PM,파트교체 | P23: PM | Q23: 사각 O-Ring | R23: 519*519 | S23: 903-001-210 | T23: 2 | U23: ea | V23: 업체 재고
A24: 22 | B24: 한국알박 | C24: 이온스크러버 | D24: No Serial | E24: - | F24: OUT | G24: 44288 | H24: 44293 | I24: =MONTH(H24) -> 4 | J24: =H24-G24 -> 5 | K24: 윤태중 | L24: 정동교 | M24: 강웅모 | N24: 조재현 | O24: Trouble 점검 | P24: 천장에서 물이 떨어져 스크러버 전원 내려감 | Q24: DC Power Supply | R24: NDR-75-24 | S24: 901-022-006-01 | T24: 1 | U24: ea | V24: 유상
A25: 23 | B25: 동우화인켐 | C25: 1207BWA | D25: M003199 | E25: - | F25: OUT | G25: - | H25: 44294 | I25: =MONTH(H25) -> 4 | J25: =H25-G25 -> #VALUE! | K25: 강웅모 | L25: 조재현 | O25: PM,파트교체 | P25: 부식으로 인한 교체 | Q25: EXH. BOTTOM | S25: 1207A-160-S03-30 | T25: 1 | U25: ea | V25: 업체 재고
A26: 24 | B26: 동우화인켐 | C26: 1208BWA | D26: M003199 | E26: - | F26: OUT | G26: - | H26: 44294 | I26: =MONTH(H26) -> 4 | J26: =H26-G26 -> #VALUE! | K26: 강웅모 | L26: 조재현 | O26: PM,파트교체 | P26: Exh연결단 Center-Ring 부식 | Q26: Center-Ring | R26: NW100 | S26: 903-010-003 | T26: 1 | U26: ea | V26: 업체 재고
A27: 25 | B27: 동우화인켐 | C27: 1208BWA | D27: M003199 | E27: - | F27: OUT | G27: - | H27: 44294 | I27: =MONTH(H27) -> 4 | J27: =H27-G27 -> #VALUE! | K27: 강웅모 | L27: 조재현 | O27: Trouble 점검 | P27: Inlet Pressure High, Level High | Q27: - | R27: - | S27: - | T27: - | U27: - | V27: -
A28: 26 | B28: 동우화인켐 | C28: 1208BWA | D28: M003199 | E28: - | F28: OUT | G28: - | H28: 44294 | I28: =MONTH(H28) -> 4 | J28: =H28-G28 -> #VALUE! | K28: 윤태중 | L28: 정동교 | M28: 강웅모 | N28: 조재현 | O28: Trouble 점검 | P28: 천장에서 물이 떨어져 스크러버 전원 내려감 | Q28: Inverter | R28: SV008iC5-1 | S28: 901-200-000 | T28: 1 | U28: ea | V28: 유상
A29: 27 | B29: 동우화인켐 | C29: 1207BWA | D29: M003200 | E29: - | F29: - | G29: - | H29: 44299 | I29: =MONTH(H29) -> 4 | J29: =H29-G29 -> #VALUE! | K29: 강웅모 | L29: 조재현 | O29: PM,파트교체 | P29: ABSORBER 부식 | Q29: Absorber | R29: 1＂-폴링(STS) | S29: 905-009-001-01 | T29: 6 | U29: kg | V29: 업체 재고
A30: 28 | B30: 동우화인켐 | C30: 1207BWA | D30: M003200 | E30: - | F30: - | G30: - | H30: 44299 | I30: =MONTH(H30) -> 4 | J30: =H30-G30 -> #VALUE! | K30: 강웅모 | L30: 조재현 | O30: PM,파트교체 | P30: Leak발생으로 인한 교체 | Q30: U-TRAP DRAIN | R30: 1207BWA | S30: 1207A-170-S51-01 | T30: 1 | U30: ea | V30: 업체 재고
A31: 29 | B31: 테스(용인) | C31: 1207BWA | D31: M003290 | E31: - | F31: OUT | G31: - | H31: 44299 | I31: =MONTH(H31) -> 4 | J31: =H31-G31 -> #VALUE! | K31: 강웅모 | L31: 조재현 | O31: PM,파트교체 | P31: 부식으로 인한 교체 | Q31: Wet Chamber | R31: SMD 개선 | S31: 1207A-140-A30-02 | T31: 1 | U31: ea | V31: 업체 재고
A32: 30 | B32: 테스(용인) | C32: 1207BWA | D32: M003290 | E32: - | F32: OUT | G32: - | H32: 44299 | I32: =MONTH(H32) -> 4 | J32: =H32-G32 -> #VALUE! | K32: 강웅모 | L32: 조재현 | O32: PM,파트교체 | P32: PM | Q32: 사각 O-Ring | R32: 519*519 | S32: 903-001-210 | T32: 2 | U32: ea | V32: 업체 재고
A33: 31 | B33: 비아트론 | C33: Mi2000BW | D33: M005536 | E33: 44302 | F33: IN | H33: 44302 | I33: =MONTH(H33) -> 4 | J33: =H33-G33 -> 44302 | K33: 강웅모 | L33: 조재현 | O33: PM,파트교체 | P33: ABS.Plate 부식 | Q33: Punching Plate | R33: 480X239.5X5T | S33: M400-130-007-02 | T33: 1 | U33: ea | V33: 업체 재고
A34: 32 | B34: 온세미컨덕터코리아 | C34: 1501HW | D34: M004952 | E34: 43560 | F34: OUT | G34: 44291 | H34: 44305 | I34: =MONTH(H34) -> 4 | J34: =H34-G34 -> 14 | K34: 강웅모 | L34: 조재현 | O34: PM,파트교체 | P34: ABS.Plate 부식 | Q34: ABS. KIT PLATE | R34: 1207-NEW | S34: 1207-130-S01-20 | T34: 1 | U34: ea | V34: 업체 재고
A35: 33 | B35: 동우화인켐 | C35: 1207BWA | D35: M003193 | E35: - | F35: - | G35: - | H35: 44306 | I35: =MONTH(H35) -> 4 | J35: =H35-G35 -> #VALUE! | K35: 정동교 | L35: 강웅모 | M35: 조재현 | O35: PM,파트교체 | P35: 담당자 요청 Heat Chamber Swap 교체 | Q35: - | R35: - | S35: - | T35: - | U35: - | V35: -
A36: 34 | B36: 동우화인켐 | C36: 1207BWA | D36: M003193 | E36: - | F36: - | G36: - | H36: 44306 | I36: =MONTH(H36) -> 4 | J36: =H36-G36 -> #VALUE! | K36: 강웅모 | L36: 조재현 | O36: 파트교체 | P36: 부식으로인한 파트교체 | Q36: PVC UNION BALL VALVE | R36: 20A | S36: 908-010-001 | T36: 1 | U36: ea | V36: 유상
A37: 35 | B37: 동우화인켐 | C37: 1207BWA | D37: M003193 | E37: - | F37: - | G37: - | H37: 44306 | I37: =MONTH(H37) -> 4 | J37: =H37-G37 -> #VALUE! | K37: 강웅모 | L37: 조재현 | O37: 파트교체 | P37: 부식으로인한 파트교체 | Q37: PVC UNION BALL VALVE | R37: 30A | S37: 908-010-003 | T37: 4 | U37: ea | V37: 유상
A38: 36 | B38: 동우화인켐 | C38: 1207BWA | D38: M003193 | E38: - | F38: - | G38: - | H38: 44306 | I38: =MONTH(H38) -> 4 | J38: =H38-G38 -> #VALUE! | K38: 정동교 | O38: 파트교체 | P38: ELCB TRIP / Housing변형으로 Heat Chamber Swap | Q38: - | R38: - | S38: - | T38: - | U38: - | V38: -
A39: 37 | B39: 동우화인켐 | C39: 1207BWA | D39: M003193 | E39: - | F39: - | G39: - | H39: 44306 | I39: =MONTH(H39) -> 4 | J39: =H39-G39 -> #VALUE! | K39: 강웅모 | L39: 조재현 | O39: PM,파트교체 | P39: 부식으로 인한 Bellows 파손 | Q39: INLET FLEXIBLE | R39: Ø75x210L | S39: BL-KF50L210-01 | T39: 1 | U39: ea | V39: 업체 재고
A40: 38 | B40: 동우화인켐 | C40: 1207BWA | D40: M003193 | E40: - | F40: - | G40: - | H40: 44306 | I40: =MONTH(H40) -> 4 | J40: =H40-G40 -> #VALUE! | K40: 강웅모 | L40: 조재현 | O40: PM,파트교체 | P40: 부식으로 인한 교체 | Q40: Center-Ring | R40: NW50 | S40: 903-010-000 | T40: 1 | U40: ea | V40: 업체 재고
A41: 39 | B41: 한국알박 | C41: KOH System | D41: - | H41: 44307 | I41: =MONTH(H41) -> 4 | J41: =H41-G41 -> 44307 | K41: 강웅모 | L41: 조재현 | O41: 파트교체 | P41: 부식으로인한 파트교체 | Q41: Drain Flange Assy | R41: 테스 발안 | S41: M2000-200-S01-00 | T41: 1 | U41: ea | V41: 유상
A42: 40 | B42: 한국알박 | C42: IO Scrubber | D42: - | H42: 44307 | I42: =MONTH(H42) -> 4 | J42: =H42-G42 -> 44307 | K42: 강웅모 | L42: 조재현 | O42: 파트교체 | P42: 부식으로인한 파트교체 | Q42: Nipple Assy | R42: 테스 발안 | S42: M2000-200-S02-00 | T42: 1 | U42: ea | V42: 유상
A43: 41 | B43: 동우화인켐 | C43: 1207BWA | D43: M002644 | E43: - | F43: - | G43: 44201 | H43: 44308 | I43: =MONTH(H43) -> 4 | J43: =H43-G43 -> 107 | K43: 강웅모 | L43: 조재현 | M43: 정동교 | O43: 파트교체 | P43: Temp#2 Low | Q43: HEATER | R43: 507,1207용(KANTHAL)- | S43: 901-030-104 | T43: 6 | U43: ea | V43: 무상
A44: 42 | B44: 동우화인켐 | C44: 1207BWA | D44: M002644 | E44: - | F44: - | G44: 44201 | H44: 44308 | I44: =MONTH(H44) -> 4 | J44: =H44-G44 -> 107 | K44: 강웅모 | L44: 조재현 | O44: 파트교체 | P44: Cir.Pump Fail | Q44: Pump | R44: PM-250PMH, 250W, 단상220V, 60Hz, HOSE | S44: 901-048-002 | T44: 1 | U44: ea | V44: 유상
A45: 43 | B45: 동우화인켐 | C45: 1207BWA | D45: M002644 | E45: - | F45: - | G45: 44201 | H45: 44308 | I45: =MONTH(H45) -> 4 | J45: =H45-G45 -> 107 | K45: 강웅모 | L45: 조재현 | O45: PM,파트교체 | P45: ABSORBER 부식 | Q45: Absorber | R45: 1＂-폴링(STS) | S45: 905-009-001-01 | T45: 3 | U45: kg | V45: 업체 재고
A46: 44 | B46: 동우화인켐 | C46: 1207BWA | D46: M002644 | E46: - | F46: - | G46: 44201 | H46: 44308 | I46: =MONTH(H46) -> 4 | J46: =H46-G46 -> 107 | K46: 강웅모 | L46: 조재현 | O46: PM,파트교체 | P46: PM | Q46: 사각 O-Ring | R46: 519*519 | S46: 903-001-210 | T46: 2 | U46: ea | V46: 업체 재고
A47: 45 | B47: 동우화인켐 | C47: 1207BWA | D47: M002644 | E47: - | F47: - | G47: 44201 | H47: 44308 | I47: =MONTH(H47) -> 4 | J47: =H47-G47 -> 107 | K47: 강웅모 | L47: 조재현 | O47: PM,파트교체 | P47: Exh.Pressure 포트 막힘 | Q47: MALE CONNECTOR 41 | R47: 1/4"-1/4" | S47: 900-005-001 | T47: 1 | U47: ea | V47: 업체 재고
A48: 46 | B48: 동우화인켐 | C48: 1207BWA | D48: M002644 | E48: - | F48: - | G48: 44201 | H48: 44308 | I48: =MONTH(H48) -> 4 | J48: =H48-G48 -> 107 | K48: 강웅모 | L48: 조재현 | O48: 파트교체 | P48: Torch Ignition Fail | Q48: TORCH BODY ASSY (조립식) | R48: 1th Torch | S48: 602P2-111-S03-00 | T48: 1 | U48: ea | V48: 무상
A49: 47 | B49: 동우화인켐 | C49: 1207BWA | D49: M002644 | E49: - | F49: - | G49: 44201 | H49: 44308 | I49: =MONTH(H49) -> 4 | J49: =H49-G49 -> 107 | K49: 정동교 | O49: 파트교체 | P49: Temp#1 Heater Temp Low | Q49: kanthal Heater | R49: 507,1207용(KANTHAL)-WELD,1000w | S49: 901-030-104 | T49: 4 | U49: ea | V49: 무상
A50: 48 | B50: 동우화인켐 | C50: 1207BWA | D50: M002644 | E50: - | F50: - | G50: 44201 | H50: 44308 | I50: =MONTH(H50) -> 4 | J50: =H50-G50 -> 107 | K50: 정동교 | O50: 점검 | P50: Wet H-High , Wet Sensor Error | Q50: - | R50: - | S50: - | T50: - | U50: - | V50: -
A51: 49 | B51: 동우화인켐 | C51: 1207BWA | D51: - | E51: - | F51: - | G51: - | H51: 44309 | I51: =MONTH(H51) -> 4 | J51: =H51-G51 -> #VALUE! | K51: 강웅모 | L51: 조재현 | O51: PM,파트교체 | P51: PM | Q51: 사각 O-Ring | R51: 519*519 | S51: 903-001-210 | T51: 2 | U51: ea | V51: 업체 재고
A52: 50 | B52: 테스(용인) | C52: 1207BWA | D52: M003269 | E52: - | F52: OUT | G52: - | H52: 44312 | I52: =MONTH(H52) -> 4 | J52: =H52-G52 -> #VALUE! | K52: 강웅모 | L52: 조재현 | O52: PM,파트교체 | P52: ABSORBER 부식 | Q52: Absorber | R52: 1＂-폴링(STS) | S52: 905-009-001-01 | T52: 3 | U52: kg | V52: 업체 재고
A53: 51 | B53: 동우화인켐 | C53: 1207BWA | D53: M002642 | E53: - | F53: - | G53: 44208 | H53: 44313 | I53: =MONTH(H53) -> 4 | J53: =H53-G53 -> 105 | K53: 강웅모 | L53: 조재현 | O53: PM,파트교체 | P53: Exh.Pressure 포트 막힘 | Q53: MALE CONNECTOR 41 | R53: 1/4"-1/4" | S53: 900-005-001 | T53: 1 | U53: ea | V53: 업체 재고
A54: 52 | B54: 동우화인켐 | C54: 1207BWA | D54: M002642 | E54: - | F54: - | G54: 44208 | H54: 44313 | I54: =MONTH(H54) -> 4 | J54: =H54-G54 -> 105 | K54: 강웅모 | L54: 조재현 | O54: PM,파트교체 | P54: ABSORBER 부식 | Q54: Absorber | R54: 1＂-폴링(STS) | S54: 905-009-001-01 | T54: 3 | U54: kg | V54: 업체 재고
A55: 53 | B55: 동우화인켐 | C55: 1207BWA | D55: M002642 | E55: - | F55: - | G55: 44208 | H55: 44313 | I55: =MONTH(H55) -> 4 | J55: =H55-G55 -> 105 | K55: 강웅모 | L55: 조재현 | O55: PM,파트교체 | P55: ABS.Body 부식 | Q55: ABS. KIT BODY | R55: 플레이트분리형 | S55: M400-130-S02-00 | T55: 1 | U55: ea | V55: 업체 재고
A56: 54 | B56: 동우화인켐 | C56: 1207BWA | D56: M002642 | E56: - | F56: - | G56: 44208 | H56: 44313 | I56: =MONTH(H56) -> 4 | J56: =H56-G56 -> 105 | K56: 강웅모 | L56: 조재현 | O56: PM,파트교체 | P56: Middle Flange 부식 | Q56: Middle Flange | R56: 1207BW | S56: 1207-120-A11-00 | T56: 1 | U56: ea | V56: 업체 재고
A57: 55 | B57: 동우화인켐 | C57: 1207BWA | D57: M002640 | E57: - | F57: - | G57: 44208 | H57: 44313 | I57: =MONTH(H57) -> 4 | J57: =H57-G57 -> 105 | K57: 강웅모 | L57: 조재현 | M57: 최병환 | O57: 파트교체 | P57: Torch Ignition Fail | Q57: TORCH BODY ASSY (조립식) | R57: 1th Torch | S57: 602P2-111-S03-00 | T57: 1 | U57: ea | V57: 유상
A58: 56 | B58: 충남대학교 | C58: 507BW | D58: 20051130-HY-1321 | E58: - | F58: Out | G58: - | H58: 44314 | I58: =MONTH(H58) -> 4 | J58: =H58-G58 -> #VALUE! | K58: 강웅모 | L58: 조재현 | O58: PM,파트교체 | P58: ABS.Body 부식 | Q58: ABS. KIT BODY | R58: 플레이트분리형 | S58: M400-130-S02-00 | T58: 1 | U58: ea | V58: 업체 재고
A59: 57 | B59: 동우화인켐 | C59: 1207BWA | D59: M002641 | E59: - | F59: - | G59: 44243 | H59: 44315 | I59: =MONTH(H59) -> 4 | J59: =H59-G59 -> 72 | K59: 박승수 | L59: 조재현 | O59: Turn On,파트교체 | P59: 담당자요청사항 | Q59: Bellows | R59: NW40x260Lx2P(이중) | S59: BL-KF40L260-00 | T59: 1 | U59: ea | V59: 유상
A60: 58 | B60: 동우화인켐 | C60: 1207BWA | D60: M002641 | E60: - | F60: - | G60: 44243 | H60: 44315 | I60: =MONTH(H60) -> 4 | J60: =H60-G60 -> 72 | K60: 박승수 | L60: 조재현 | O60: Turn On,파트교체 | P60: 담당자요청사항 | Q60: Bellows | R60: NW40x80Lx2P(이중)/7칸 | S60: BL-KF40L80-01 | T60: 1 | U60: ea | V60: 회수용
A61: 59 | B61: 동우화인켐 | C61: 1207BWA | D61: M002641 | E61: - | F61: - | G61: 44243 | H61: 44315 | I61: =MONTH(H61) -> 4 | J61: =H61-G61 -> 72 | K61: 강웅모 | L61: 조재현 | O61: PM,파트교체 | P61: PM | Q61: 사각 O-Ring | R61: 519*519 | S61: 903-001-210 | T61: 2 | U61: ea | V61: 업체 재고
A62: 60 | B62: 동우화인켐 | C62: 1207BWA | D62: M002641 | E62: - | F62: - | G62: 44243 | H62: 44315 | I62: =MONTH(H62) -> 4 | J62: =H62-G62 -> 72 | K62: 강웅모 | L62: 조재현 | O62: PM,파트교체 | P62: ABSORBER 부식 | Q62: Absorber | R62: 1＂-폴링(STS) | S62: 905-009-001-01 | T62: 3 | U62: kg | V62: 업체 재고
A63: 61 | B63: 한국알박 | C63: 601PW | D63: M002924 | E63: - | F63: - | G63: 44288 | H63: 44319 | I63: =MONTH(H63) -> 5 | J63: =H63-G63 -> 31 | K63: 박승수 | L63: 조재현 | O63: Turn On,파트교체 | P63: 담당자요청사항 | Q63: Bellows | R63: NW40x80Lx2P(이중)/7칸 | S63: BL-KF40L80-01 | T63: 1 | U63: ea | V63: 회수용
A64: 62 | B64: 동우화인켐 | C64: 1207BWA | D64: M002648 | E64: - | F64: - | G64: 44229 | H64: 44320 | I64: =MONTH(H64) -> 5 | J64: =H64-G64 -> 91 | K64: 박승수 | L64: 조재현 | O64: Turn On,파트교체 | P64: 담당자요청사항 | Q64: Bellows | R64: NW40x260Lx2P(이중) | S64: BL-KF40L260-00 | T64: 1 | U64: ea | V64: 유상
A65: 63 | B65: 동우화인캠 | C65: 1207BWA | D65: M003200 | E65: - | F65: - | G65: 44299 | H65: 44322 | I65: =MONTH(H65) -> 5 | J65: =H65-G65 -> 23 | K65: 정민욱 | L65: 오세욱 | M65: 조재현 | O65: Over hual | P65: Over hual | Q65: FAN | R65: UF18JC23-H | S65: 901-028-007 | T65: 1 | U65: ea | V65: 유상
A66: 64 | B66: 동우화인캠 | C66: 1207BWA | D66: M003200 | E66: - | F66: - | G66: 44299 | H66: 44322 | I66: =MONTH(H66) -> 5 | J66: =H66-G66 -> 23 | K66: 정민욱 | L66: 오세욱 | M66: 조재현 | O66: Over hual | P66: Over hual | Q66: FAN COVER | R66: UF18JC23-H 용 | S66: 901-028-007-01 | T66: 1 | U66: ea | V66: 유상
A67: 65 | B67: 동우화인캠 | C67: 1207BWA | D67: M003200 | E67: - | F67: - | G67: 44299 | H67: 44322 | I67: =MONTH(H67) -> 5 | J67: =H67-G67 -> 23 | K67: 정민욱 | L67: 오세욱 | M67: 조재현 | O67: Over hual | P67: Over hual | Q67: Thunder Spring Hose | R67: 40A(내경Ø38) | S67: 999-005-006 | T67: 13 | U67: M | V67: 유상
A68: 66 | B68: 동우화인캠 | C68: 1207BWA | D68: M003200 | E68: - | F68: - | G68: 44299 | H68: 44322 | I68: =MONTH(H68) -> 5 | J68: =H68-G68 -> 23 | K68: 정민욱 | L68: 오세욱 | M68: 조재현 | O68: Over hual | P68: Over hual | Q68: SPRING HOSE BAND | R68: 40MM | S68: 999-007-008 | T68: 16 | U68: ea | V68: 유상
A69: 67 | B69: 동우화인캠 | C69: 1207BWA | D69: M003200 | E69: - | F69: - | G69: 44299 | H69: 44322 | I69: =MONTH(H69) -> 5 | J69: =H69-G69 -> 23 | K69: 정민욱 | L69: 오세욱 | M69: 조재현 | O69: Over hual | P69: Over hual | Q69: CABINET 보강 Panel | R69: 350X200X100 2T | S69: M2000-100-101-50 | T69: 1 | U69: ea | V69: 유상
A70: 68 | B70: 동우화인캠 | C70: 1207BWA | D70: M003200 | E70: - | F70: - | G70: 44299 | H70: 44322 | I70: =MONTH(H70) -> 5 | J70: =H70-G70 -> 23 | K70: 조재현 | O70: Over hual | Q70: PVC UNION BALL VALVE | R70: 30A | S70: 908-010-003 | T70: 1 | U70: ea | V70: 업체 재고
A71: 69 | B71: 아데카코리아 | C71: 601wpw | D71: M004988 | E71: - | F71: - | G71: 44288 | H71: 44323 | I71: =MONTH(H71) -> 5 | J71: =H71-G71 -> 35 | K71: 정민욱 | L71: 오세욱 | M71: 조재현 | O71: Over hual | P71: Over hual | Q71: PRESSURE SWITCH | R71: PG35-102R-NR2 | S71: 901-008-004 | T71: 2 | U71: ea | V71: 유상
A72: 70 | B72: 아데카코리아 | C72: 601wpw | D72: M004988 | E72: - | F72: - | G72: 44323 | H72: 44326 | I72: =MONTH(H72) -> 5 | J72: =H72-G72 -> 3 | K72: 정민욱 | L72: 오세욱 | M72: 조재현 | O72: Over hual | P72: Over hual | Q72: ACTUATOR VALVE | R72: TX350-1DA-NW50-40A-LS2 | S72: 907-100-005 | T72: 1 | U72: ea | V72: 유상
A73: 71 | B73: 온세미컨덕터코리아 | C73: 1501HW | D73: M004953 | E73: - | F73: - | G73: 44305 | H73: 44326 | K73: 정민욱 | O73: 파트교체 | P73: 이온스크러버 leak sensor 작업 | Q73: 필름형 leak sensor | R73: LK08 | S73: 901-055-050 | T73: 28 | U73: M | V73: 유상
A74: 72 | B74: 온세미컨덕터코리아 | C74: 1501HW | D74: M004953 | E74: - | F74: - | G74: 44305 | H74: 44326 | I74: =MONTH(H74) -> 5 | J74: =H74-G74 -> 21 | K74: 강웅모 | L74: 조재현 | O74: PM,파트교체 | P74: PM | Q74: 사각 O-Ring | R74: 519*519 | S74: 903-001-210 | T74: 2 | U74: ea | V74: 업체 재고
A75: 73 | B75: 온세미컨덕터코리아 | C75: 1501HW | D75: M004953 | E75: - | F75: - | G75: 44305 | H75: 44326 | I75: =MONTH(H75) -> 5 | J75: =H75-G75 -> 21 | K75: 강웅모 | L75: 조재현 | O75: PM,파트교체 | P75: ABSORBER 부식 | Q75: Absorber | R75: 1＂-폴링(STS) | S75: 905-009-001-01 | T75: 3 | U75: kg | V75: 업체 재고
A76: 74 | B76: 온세미컨덕터코리아 | C76: 1501HW | D76: M004953 | E76: - | F76: - | G76: 44305 | H76: 44326 | I76: =MONTH(H76) -> 5 | J76: =H76-G76 -> 21 | K76: 강웅모 | L76: 조재현 | O76: PM,파트교체 | P76: ABS.Plate 부식 | Q76: ABS. KIT PLATE | R76: 1207-NEW | S76: 1207-130-S01-20 | T76: 1 | U76: ea | V76: 업체 재고
A77: 75 | B77: 온세미컨덕터코리아 | C77: 1501HW | D77: M004953 | E77: - | F77: - | G77: 44305 | H77: 44326 | I77: =MONTH(H77) -> 5 | J77: =H77-G77 -> 21 | K77: 강웅모 | L77: 조재현 | O77: PM,파트교체 | P77: ABS.Plate 부식 | Q77: Punching Plate | R77: 480X239.5X5T | S77: M400-130-007-02 | T77: 1 | U77: ea | V77: 업체 재고
A78: 76 | B78: 온세미컨덕터코리아 | C78: 1501HW | D78: M004953 | E78: - | F78: - | G78: 44305 | H78: 44326 | I78: =MONTH(H78) -> 5 | J78: =H78-G78 -> 21 | K78: 정민욱 | L78: 오세욱 | M78: 조재현 | O78: Over hual | P78: Over hual | Q78: Pump | R78: PM-753 (60Hz) | S78: 901-048-016 | T78: 1 | U78: ea | V78: 유상
A79: 77 | B79: 동우화인캠 | C79: 1207BWA | D79: M002647 | E79: - | F79: - | G79: 44264 | H79: 44327 | I79: =MONTH(H79) -> 5 | J79: =H79-G79 -> 63 | K79: 정민욱 | L79: 강웅모 | M79: 조재현 | O79: PM,파트교체 | P79: PM | Q79: 사각 O-Ring | R79: 519*519 | S79: 903-001-210 | T79: 2 | U79: ea | V79: 업체 재고
A80: 78 | B80: 동우화인캠 | C80: 1207BWA | D80: M002647 | E80: - | F80: - | G80: 44264 | H80: 44327 | I80: =MONTH(H80) -> 5 | J80: =H80-G80 -> 63 | K80: 정민욱 | L80: 강웅모 | M80: 조재현 | O80: PM,파트교체 | P80: ABSORBER 부식 | Q80: Absorber | R80: 1＂-폴링(STS) | S80: 905-009-001-01 | T80: 3 | U80: kg | V80: 업체 재고
A81: 79 | B81: 동우화인캠 | C81: 1207BWA | D81: M002647 | E81: - | F81: - | G81: 44264 | H81: 44327 | I81: =MONTH(H81) -> 5 | J81: =H81-G81 -> 63 | K81: 정민욱 | L81: 강웅모 | M81: 조재현 | O81: Turn On,파트교체 | P81: 담당자요청사항 | Q81: STS NUT | R81: 63x15T | S81: NUT-M36PT21-001 | T81: 1 | U81: ea | V81: 유상
A82: 80 | B82: 동우화인캠 | C82: 1207BWA | D82: M002647 | E82: - | F82: - | G82: 44264 | H82: 44327 | I82: =MONTH(H82) -> 5 | J82: =H82-G82 -> 63 | K82: 정민욱 | L82: 강웅모 | M82: 조재현 | O82: Turn On,파트교체 | P82: 담당자요청사항 | Q82: SOCKET21-R | R82: Ø50x37 | S82: SK-M36PT21-001 | T82: 1 | U82: ea | V82: 유상
A83: 81 | B83: 동우화인캠 | C83: 1207BWA | D83: M002647 | E83: - | F83: - | G83: 44264 | H83: 44327 | I83: =MONTH(H83) -> 5 | J83: =H83-G83 -> 63 | K83: 정민욱 | L83: 강웅모 | M83: 조재현 | O83: Turn On,파트교체 | P83: 담당자요청사항 | Q83: 1207A Anchol BKT | R83: 100X60X150 5T | S83: 1207A-100-072-00 | T83: 4 | U83: ea | V83: 유상
A84: 82 | B84: 동우화인캠 | C84: 1207BWA | D84: M002647 | E84: - | F84: - | G84: 44264 | H84: 44327 | I84: =MONTH(H84) -> 5 | J84: =H84-G84 -> 63 | K84: 정민욱 | L84: 강웅모 | M84: 조재현 | O84: Turn On,파트교체 | P84: 담당자요청사항 | Q84: STS NUT | R84: 63x15T | S84: NUT-M36PT21-001 | T84: 1 | U84: ea | V84: 유상
A85: 83 | B85: 동우화인캠 | C85: 1207BWA | D85: M002647 | E85: - | F85: - | G85: 44264 | H85: 44327 | I85: =MONTH(H85) -> 5 | J85: =H85-G85 -> 63 | K85: 정민욱 | L85: 강웅모 | M85: 조재현 | O85: Turn On,파트교체 | P85: 담당자요청사항 | Q85: SOCKET21-R | R85: Ø50x37 | S85: SK-M36PT21-001 | T85: 1 | U85: ea | V85: 유상
A86: 84 | B86: 동우화인캠 | C86: 1207BWA | D86: M002647 | E86: - | F86: - | G86: 44264 | H86: 44327 | I86: =MONTH(H86) -> 5 | J86: =H86-G86 -> 63 | K86: 정민욱 | L86: 강웅모 | M86: 조재현 | O86: Turn On,파트교체 | P86: 담당자요청사항 | Q86: 1207A Anchol BKT | R86: 100X60X150 5T | S86: 1207A-100-072-00 | T86: 4 | U86: ea | V86: 유상
A87: 85 | B87: 온세미컨덕터코리아 | C87: 1501HW | D87: M004951 | E87: - | F87: - | G87: - | H87: 44328 | I87: =MONTH(H87) -> 5 | J87: =H87-G87 -> #VALUE! | K87: 정민욱 | L87: 강웅모 | M87: 조재현 | O87: 파트교체 | P87: Over Haul | Q87: PRESSURE SENSOR | R87: SXT-B250M (MS-P102) | S87: 901-055-014 | T87: 2 | U87: ea | V87: 유상
A88: 86 | B88: 온세미컨덕터코리아 | C88: 1501HW | D88: M004951 | E88: - | F88: - | G88: - | H88: 44328 | I88: =MONTH(H88) -> 5 | J88: =H88-G88 -> #VALUE! | K88: 정민욱 | L88: 강웅모 | M88: 조재현 | O88: 파트교체 | P88: Over Haul | Q88: BLOWER | R88: MAT507BWS(구미) | S88: 162-A11-00 | T88: 1 | U88: ea | V88: 유상
A89: 87 | B89: 온세미컨덕터코리아 | C89: 1501HW | D89: M004951 | E89: - | F89: - | G89: - | H89: 44328 | I89: =MONTH(H89) -> 5 | J89: =H89-G89 -> #VALUE! | K89: 정민욱 | L89: 강웅모 | M89: 조재현 | O89: 파트교체 | P89: Over Haul | Q89: 전극봉 센서 | R89: 507BWA | S89: 174-S23-00 | T89: 1 | U89: ea | V89: 유상
A90: 88 | B90: 온세미컨덕터코리아 | C90: 1501HW | D90: M004951 | E90: - | F90: - | G90: - | H90: 44328 | I90: =MONTH(H90) -> 5 | J90: =H90-G90 -> #VALUE! | K90: 정민욱 | L90: 강웅모 | M90: 조재현 | O90: 점검,파트교체 | P90: Cir.Pump Fail | Q90: Pump | R90: PM300 | S90: 901-048-000 | T90: 2 | U90: ea | V90: 업체 재고
A91: 89 | B91: 온세미컨덕터코리아 | C91: 1501HW | D91: M004951 | E91: - | F91: - | G91: - | H91: 44328 | I91: =MONTH(H91) -> 5 | J91: =H91-G91 -> #VALUE! | K91: 정민욱 | L91: 강웅모 | M91: 조재현 | O91: 점검,파트교체 | P91: Temp#2 Low | Q91: T/C | R91: MT-01-0013(K-TYPE) ：5M Single | S91: 901-062-022 | T91: 1 | U91: ea | V91: 유상
A92: 90 | B92: 온세미컨덕터코리아 | C92: 1501HW | D92: M004951 | E92: - | F92: - | G92: - | H92: 44328 | I92: =MONTH(H92) -> 5 | J92: =H92-G92 -> #VALUE! | K92: 정민욱 | L92: 강웅모 | M92: 조재현 | O92: PM | P92: PM | Q92: O-RING | R92: P285 | S92: 903-016-285 | T92: 1 | U92: ea | V92: 유상
A93: 91 | B93: 동우화인캠 | C93: 1207BWA | D93: M002649 | E93: - | F93: - | G93: 44271 | H93: 44329 | I93: =MONTH(H93) -> 5 | J93: =H93-G93 -> 58 | K93: 강웅모 | L93: 조재현 | O93: PM,파트교체 | P93: ABSORBER 부식 | Q93: Absorber | R93: 1＂-폴링(STS) | S93: 905-009-001-01 | T93: 3 | U93: kg | V93: 업체 재고
A94: 92 | B94: 동우화인캠 | C94: 1207BWA | D94: M002649 | E94: - | F94: - | G94: 44271 | H94: 44329 | I94: =MONTH(H94) -> 5 | J94: =H94-G94 -> 58 | K94: 정민욱 | L94: 강웅모 | M94: 조재현 | O94: 파트교체 | P94: Over Haul | Q94: ACTUATOR VALVE(2-way) | R94: TX350-05DSSR-1P-10H-SV-LS(x)(자복) | S94: 907-100-028-02 | T94: 1 | U94: ea | V94: 유상
A95: 93 | B95: 동우화인캠 | C95: 1207BWA | D95: M002649 | E95: - | F95: - | G95: 44271 | H95: 44329 | I95: =MONTH(H95) -> 5 | J95: =H95-G95 -> 58 | K95: 정민욱 | L95: 강웅모 | M95: 조재현 | O95: 파트교체 | P95: Over Haul | Q95: PRESSURE SWITCH | R95: PG35-102R-NR2 | S95: 901-008-004 | T95: 1 | U95: ea | V95: 유상
A96: 94 | B96: 동우화인캠 | C96: 1207BWA | D96: M002649 | E96: - | F96: - | G96: 44271 | H96: 44329 | I96: =MONTH(H96) -> 5 | J96: =H96-G96 -> 58 | K96: 정민욱 | L96: 강웅모 | M96: 조재현 | O96: 파트교체 | P96: Over Haul | Q96: PRESSURE SWITCH | R96: 901.64.PRESCAL , 50mbar~250mbar | S96: 901-055-026 | T96: 2 | U96: ea | V96: 유상
A97: 95 | B97: 테스(용인) | C97: 1207BWA | D97: M003290 | E97: - | F97: - | G97: 44299 | H97: 44329 | I97: =MONTH(H97) -> 5 | J97: =H97-G97 -> 30 | K97: 강웅모 | L97: 조재현 | O97: PM,파트교체 | P97: PM | Q97: 사각 O-Ring | R97: 519*519 | S97: 903-001-210 | T97: 2 | U97: ea | V97: 업체 재고
A98: 96 | B98: 세라믹기술연구원 | C98: 507BWA | D98: M002566 | E98: - | F98: - | G98: 43222 | H98: 44333 | I98: =MONTH(H98) -> 5 | J98: =H98-G98 -> 1111 | K98: 강웅모 | L98: 조재현 | O98: PM,파트교체 | P98: PM | Q98: 사각 O-Ring | R98: 519*519 | S98: 903-001-210 | T98: 2 | U98: ea | V98: 업체 재고
A99: 97 | B99: 세라믹기술연구원 | C99: 507BWA | D99: M002566 | E99: - | F99: - | G99: 43222 | H99: 44333 | I99: =MONTH(H99) -> 5 | J99: =H99-G99 -> 1111 | K99: 강웅모 | L99: 조재현 | O99: PM,파트교체 | P99: ABSORBER 부식 | Q99: Absorber | R99: 1＂-폴링(STS) | S99: 905-009-001-01 | T99: 3 | U99: kg | V99: 업체 재고
A100: 98 | B100: 세라믹기술연구원 | C100: 507BWA | D100: M002566 | E100: - | F100: - | G100: 43222 | H100: 44333 | I100: =MONTH(H100) -> 5 | J100: =H100-G100 -> 1111 | K100: 강웅모 | L100: 조재현 | O100: PM,파트교체 | P100: Exh.Pressure 포트 막힘 | Q100: MALE CONNECTOR 41 | R100: 1/4"-1/4" | S100: 900-005-001 | T100: 1 | U100: ea | V100: 업체 재고
...

Sheet 1.AND
B2: 1 | C2: AND
B7: 날짜 | C7: 납기 (없으면 안써도됨) | D7: 담당자 | E7: Model | F7: S/N | G7: 특이사항 (준비사항) | O7: 구분
B8: 44972 | G8: 설비 파워마스터에 판매 한 것으로 추정 | O8: 숙지사항

Sheet 2.AP System
B2: 2 | C2: AP System
B7: 날짜 | C7: 납기 (없으면 안써도됨) | D7: 담당자 | E7: Model | F7: S/N | G7: 특이사항 (준비사항) | O7: 구분

Sheet 4,JNK
B2: 4 | C2: JNK
B7: 날짜 | C7: 납기 (없으면 안써도됨) | D7: 담당자 | E7: Model | F7: S/N | G7: 특이사항 (준비사항) | O7: 구분

Sheet 3.BJ Power
B2: 3 | C2: BJ Power
B7: 날짜 | C7: 납기 (없으면 안써도됨) | D7: 담당자 | E7: Model | F7: S/N | G7: 특이사항 (준비사항) | O7: 구분

Sheet 5.Kanc
A1: 0
B2: 5 | C2: Kanc
B7: 날짜 | C7: 납기 (없으면 안써도됨) | D7: 담당자 | E7: Model | F7: S/N | G7: 특이사항 (준비사항) | O7: 구분

Sheet 6.KEC
B2: 6 | C2: KEC
B7: 날짜 | C7: 납기 (없으면 안써도됨) | D7: 담당자 | E7: Model (없으면 안써도됨) | F7: S/N (없으면 안써도됨) | G7: 특이사항 (준비사항) | O7: 구분
B8: 44539 | D8: 임영만 | E8: 507BWS | G8: Burn Chamber 교체 (SIC Heater -> Khantal Heater로 Type 변경) 50바이톤 4개 추가로 챙겨감 남으면 다시 이계환 부장님께 갖다줘야됨 | O8: 완료
B9: 44540 | C9: 다음 방문시 까지 | D9: 임영만 | E9: 507BWS | F9: 20050331-KE-1159 | G9: - In-Let Bellows 길이 짧아서 기존 짧은거 2개 이어서 설치함. 다음 방문시 50A 180mm~200mm Bellows챙겨가야함 (강차장님이 유상으로 하라고함) - Chamber 지지대 Bolt Nut Fail로 지지대 달지 못함 (설비 상부에 있음) 다음 방문시 Bolt Nut 챙겨서 설치 해야함 (M8 렌치볼트 추정 확인필요) - Cleaning Air Sol Valve 빼놓음 (이제 안씀), 3/8 Plug 없어서 막아놓지 못하고 튜브 꺾어서 케이블타이 처리 해놓음 | O9: 미완료
B10: 44557 | D10: 임영만 | E10: 507BWS | F10: 확인필요 | G10: 고객사가 설비 PM 후 압력 및 레벨 문제 발생하여 방문요청 했다고 함. 강차장님은 DC Power Supply 문제 추정하신다고 함. | O10: 완료
B11: 44565 | D11: 임영만 | E11: 507BWS | G11: 12/10 PM설비 In-Let Bellows 1개랑, Overhaul 장비 In-Let Bellows 2개 총3개 작업의뢰서 발주 완료 (유상으로 진행, 강차장님이 임영만기사랑 통화완료) | O11: 완료
B12: 44586 | G12: Pressure 관련 방문인원 내용 기입하세요 | O12: 미완료
B13: 44587 | D13: 임영만 | E13: 507BWS | G13: In-Let Bellows 3개 中 1개는 일전에 작업했던 20050331-KE-1159 설비에 짧은거 2개 연결 해놓았던 것에 사용함. 2개는 Overhaul 설비에 사용 예정 | O13: 완료
B14: 44609 | D14: 임영만 | E14: 507BWS | G14: 사각 O-Ring 9EA 택배 납품 완료 | O14: 숙지사항
B15: 44624 | D15: 임영만 | E15: 507BWS | G15: 설비 1대 납품진행 예정 | O15: 완료
B16: 44643 | D16: 김상훈 | E16: 507BWS | F16: M006188 | G16: 3/22 Turn-On 진행한 6188설비 사용 Gas 포스핀, 실란, O2, 아르신 (Powder 발생 Gas) 나중에 In-Let 막히면 BCS 다는것 고려해 보아야 함. | O16: 숙지사항
B17: 44643 | D17: 김상훈 | E17: 507BWS | F17: M006188 | G17: 507BWS 신규반입설비 Turn-On Sheet 송부 완료 | O17: 완료
B18: 44650 | D18: 김상훈 | E18: 507BWS | G18: 4/6에 Blower, Inverter 들어온다고 하여 수급해서 4/6에 방문하여 Blower 설치 해주어야 함. | O18: 완료
B19: 44761 | E19: 507BWS | G19: 신규장비 8월 납품 예정 (Blower 같이 납품 필요 하다고 함) | O19: 완료
B20: 44853 | D20: 임영만 | E20: 507BWS | F20: M006499 | G20: 설비 Turn-On 진행 공정 테오스, Gas Inlet 1Port 사용 한다고 하여, Bellows 3ea 뗀다고 하여, 50A SUS Endcap 6ea 택배로 보내줌 (무상) 테오스 공정이라서 Water 7.5L 유입 담당자 설명 완료 | O20: 완료
B21: 44903 | D21: 정현택 | E21: 507BWS | F21: M006499 | G21: Drain A/T V/V Stem 부 Leak 발생하여 무상 교체 진행 완료 | O21: 완료
B22: 44869 | D22: 김상훈 | E22: 507BWS | F22: M006188 | G22: Drain A/T V/V Stem 부 Leak 발생하여 무상 교체 진행 완료 | O22: 완료
B23: 44922 | D23: 김상훈 | E23: 507BWS | F23: M006188 | G23: Water Leak 발생했다고 연락옴. 필름 만져보라고 했으나 실제 Leak 없다고 함. 시간이 지나서 증발 해서 그런 것 같다고 설명 후 다시 발생하면 연락달라고 전달 함. | O23: 완료
B24: 44972 | D24: 김상훈 | E24: 507BWS | F24: M006188 | G24: Water Leak 발생 했다고 함. Leak Sensor 저항 둔감한걸로 교체 해본다고 했는데, PCW 결로로 밝혀짐. | O24: 완료

Sheet 7.KIST
B2: 7 | C2: KIST
B7: 날짜 | C7: 납기 (없으면 안써도됨) | D7: 담당자 | E7: Model | F7: S/N | G7: 특이사항 (준비사항) | O7: 구분

Sheet 8.LG전자기술 연구소
B2: 8 | C2: LG전자기술 연구소
B7: 날짜 | C7: 납기 (없으면 안써도됨) | D7: 담당자 | E7: Model | F7: S/N | G7: 특이사항 (준비사항) | O7: 구분

Sheet 9.LG 화학 기술연구원 
B2: 9 | C2: LG 화학 기술연구원
B7: 날짜 | C7: 납기 (없으면 안써도됨) | D7: 담당자 | E7: Model | F7: S/N | G7: 특이사항 (준비사항) | O7: 구분
B8: 44544 | E8: 1501HW | G8: 설비 납품, 안전화, 안전모, 각반 챙기세용 | O8: 완료
B9: 44544 | E9: 1501HW | G9: Drain Union에 오링 없다고함. 수급하여 1/2 Turn-On 방문시 장착 필요 | O9: 완료
B10: 44573 | E10: 1501HW | F10: M006175 | G10: *사용 가스 : 수소,메탄,아르곤N2,황화수소 - 총 약 1000LPM | O10: 숙지사항
B11: 44573 | E11: 1501HW | F11: M006175 | G11: *수소감지기 설치여부 X, 에너지세이빙 배선 고객사가 연결 한다고함 | O11: 숙지사항
B12: 44573 | E12: 1501HW | F12: M006175 | G12: *스크러버 공급단에서 최대 5~6bar까지 가능 - 공급단에서 5bar로 설정하고 스크러버에서 5bar로 설정 후 작동시 스크러버 Regulator가 3.5bar까지 내려감(게이지를 올려도 올라가지않음) | O12: 숙지사항
B14: 44623 | E14: 1501HW | F14: M006175 | G14: Drain AT V/V Fail 추정 및 Level High Alarm 발생하여 3/4 방문예정 -> B/A, S/A 유입시 고객사 Air 공급압력이 0.7Mpa로 유지하여 Drain A/T V/V 미동작하여 Level High Alarm 발생 | O14: 완료
B15: 44624 | E15: 1501HW | F15: M006175 | G15: Touch에 Energy Saving Option버튼이 빠져있음, Touch 프로그램 수정 요청 하여 설비 적용 해야함. (Flow) Wet High Wet Low Alarm 발생 -Air Regulator 공급압력 0.7Mpa -B/A & S/A 공급시 Regulator 공급압력 0.2Mpa까지 감압되어 Drain Actuator 공급이 원활하지 않게 되어 Wet High & Low Alarm 발생 -고객사에 Air 공급압력 상향요청 (안정적으로 10Kg의 공급압력이 필요해 보임) ->> 상시공급 Air Line(Valve 구동용) 을 N2 Line으로 변경 한다고 함 4/1 (금) 방문하여 프로그램 및 Line 변경작업 진행 예정 | O15: 완료
B16: 44624 | E16: 1501HW | F16: M006175 | G16: Air Regulator 측 기포(?)발생하여 교체 해주어야 한다고 함 . 방문인원 자세한 내용 기입. | O16: 완료
B17: 44664 | E17: 1501HW | F17: M006175 | G17: 4/18 레규레이터 교체 및 CMS Data 안넘어가는거 Program 업데이트 예정 | O17: 완료
B18: 44667 | E18: 1501HW | F18: M006175 | G18: Drain Pump 멈추고도 Drain이 계속 된다고 함. Drain A/T V/V Fail 추정으로 4/18 교체 진행하면 달려있던거 반출하여 일영 줘야함. | O18: 완료
B19: 44669 | D19: 강수희 | E19: 1501HW | F19: M006175 | G19: 1. Drain 불량 件 -A/T V/V 구동용 Air Pressure Drop으로 Air -> N2 로 구동할 수 있도록 변경 완료 하였으나, Cleaning N2 유입시 N2도 공급 Pressure Drop 되어 Drain A/T V/V Valve가 잠기지 않아 Drain 불량 발생. ->>>Drain Line PVC Ball Valve 1/2 정도 잠구고 사용하니 작동상 이상 없어서 일단 반쯤 잠구고 사용 하다가 문제 있으면 연락 준다고 함, -고객사측 Air, N2 공급라인 승압공사 후 구동용 N2 3개소를 1개소, 2개소로 나눠서 변경 해주어야 함. -> Air 공급압이 1bar라서 N2를 3개소 다 써야 함. -고객사측 Air, N2 공급라인 승압공사 후 Cleaning N2와 Drain A/T V/V 겹치지 않게 Program 변경 하여 적용 해 주어야 함. ->완료 -Data Log 상 Heater Temp가 Temp Controller와 7~10도정도 차이나서 Program 수정하여 적용 해 주어야 함. (Flow 작성 예정) ->완료 -고객사 측 배기압 -20정도 유지 중이며 -40정도로 승압공사 할 예정 이라고 함. ->공사 불가하다고 함. | O19: 완료
B20: 44683 | D20: 강수희 | E20: 1501HW | F20: M006175 | G20: Data Log가 또 안넘어간다고 함. 5/13 방문하여 Data Log 조치 및 CLN N2와 Drain A/T 동작 겹치지 않는 프로그램, Temp Controller와 7~10도 차이나는 프로그램 업데이트 예정 | O20: 완료
B21: 44684 | D21: 강수희 | E21: 1501HW | F21: M006175 | G21: Wet High 발생건은 재현성 확인이 안되어, Cleaning N2 유입시 Drain A/T V/V 안돌아서 뜬걸로 추정. 프로그램은 변경 하여, 더 이상 발생하지는 않을 것 같으나, 한번더 지켜보자고 이야기 함. | O21: 완료
B22: 44694 | D22: 강수희 | E22: 1501HW | F22: M006175 | G22: 5/13 프로그램 업데이트 후 Touch Screen 대기모드 없애달라고 했던거 다시 생겨서 화면이 꺼진다고 연락옴. | O22: 완료
B23: 44886 | D23: 강수희 | E23: 1501HW | F23: M006175 | G23: B/A Flowmeter 변경(200SLM -> 800SLM). Air 승압작업 진행하여 공급량 높아져서 800SLM짜리로 변경. 600SLM 사용예정 이었으나, 레귤레이터 7BAR 에서 5.5BAR 까지 내려가는 현상 발생하여 200SLM으로 설정함 추후 800SLM 유입가능시 PG35 103R로 변경 필요. 고객사에서 N2 사용량 확인을 위해 솔벨브 레귤레이터 유량계 플로메타 설치 해달라고 함… 터치 프로그램 변경 완료 | O23: 숙지사항

Sheet Sheet3

Sheet 10.SK 머티리얼즈
B2: 10 | C2: SK 머티리얼즈
B7: 날짜 | C7: 납기 (없으면 안써도됨) | D7: 담당자 | E7: Model | F7: S/N | G7: 특이사항 (준비사항) | O7: 구분

Sheet 11.PPI
B2: 11 | C2: PPI
B7: 날짜 | C7: 납기 (없으면 안써도됨) | D7: 담당자 | E7: Model | F7: S/N | G7: 특이사항 (준비사항) | O7: 구분
B8: 44970 | D8: ??? | E8: 507BWS | G8: Heater #2 Zone Heater A급으로 교체 했다고 하며, 교체 후 #2온도가 늦게 올라간다고 함. Burn Chamber 내부 부식되서 t/c 하우징이나, B/A 토출구쪽에 부식추정이라고 설명 함. 번챔버 교체 필요 할 수도 있다고 얘기 해 놓음. | O8: 완료

Sheet 12.SFA
B2: 12 | C2: SFA
B7: 날짜 | C7: 납기 (없으면 안써도됨) | D7: 담당자 | E7: Model | F7: S/N | G7: 특이사항 (준비사항) | O7: 구분

Sheet 13.SK 이노베이션
B2: 13 | C2: SK 이노베이션
B7: 날짜 | C7: 납기 (없으면 안써도됨) | D7: 담당자 | E7: Model | F7: S/N | G7: 특이사항 (준비사항) | O7: 구분

Sheet 14.SMP 삼성정밀화학
B2: 14 | C2: SMP 삼성정밀화학
B7: 날짜 | C7: 납기 (없으면 안써도됨) | D7: 담당자 | E7: Model | F7: S/N | G7: 특이사항 (준비사항) | O7: 구분

Sheet 15.STX 솔라
B2: 15 | C2: STX 솔라
B7: 날짜 | C7: 납기 (없으면 안써도됨) | D7: 담당자 | E7: Model | F7: S/N | G7: 특이사항 (준비사항) | O7: 구분

Sheet 16.가천대학교
B2: 16 | C2: 가천대학교
B7: 날짜 | C7: 납기 (없으면 안써도됨) | D7: 담당자 | E7: Model | F7: S/N | G7: 특이사항 (준비사항) | O7: 구분
B8: 44776 | D8: 이동운 | E8: 엠에이티501 | F8: 20021031-UT-533 | G8: Leak 등 설비 여러가지 문제 있다고 연락 옴. 담당자랑 통화 후 방문점검 필요 Water Leak 방문 조치 완료 8/16 | O8: 완료
B9: 44904 | D9: 이동운 | E9: 엠에이티501 | F9: 20021031-UT-533 | G9: PM 요청하여 사전방문진행 하여 필요 Part 조사 하고 옴(정동교, 양윤철) 원래 Heater 1Zone 만 교체 한다고 하였으나, 2Zone 모두 교체 해 달라고 하여 견적에 4ea 추가 하였음 | O9: 완료
B10: 44905 | D10: 조의식교수 | E10: 엠에이티501 | F10: 20021031-UT-533 | G10: T/C 2EA 견적에서 빼달라고 하여 빼고 견적서 송부요청 함 | O10: 완료
B11: 44918 | D11: 이동현 | E11: 엠에이티501 | F11: 20021031-UT-533 | G11: 설비 Heater 교체 등등 진행 함. Wet Chamber 내부 크게 이상 없음. 승온 시간 느려서 교수가 뭐라고 함(T/C 빼달라고 했던게 Temp Controller인줄 알았다고 하나 그 전에 T/C 상태 안좋다고 다 설명해 놓았던 사실임) | O11: 완료
B12: 44918 | D12: 조의식교수 | E12: 엠에이티501 | F12: 20021031-UT-533 | G12: 교수가 T/C 견적 보내달라고 했으며, 재작업 해달라고 함. CS는 인건비 2인 추가 하려고 했으나, 영업에서 무상으로 해주라고 함. 견적서 송부요청 및 구매요청 완료 하였고, 수급되면 방문 예정 T/C 교체 해 주고 승온 시간 비교 해 봐야됨 | O12: 미완료
B13: 44923 | D13: 조의식교수 | E13: 엠에이티501 | F13: 20021031-UT-533 | G13: 교수가 T/C 교체 후 승온시간 30분 이내 승온 안되면 정상 안해준다고 하여 영업 성순희 과장님이 그건아니라고 메일 보냄. 합리적인 범위에서 승온 된다면 정산해준다고 답변옴 | O13: 완료

Sheet 17.경북과학기술원
B2: 17 | C2: 경북과학기술원
B7: 날짜 | C7: 납기 (없으면 안써도됨) | D7: 담당자 | E7: Model | F7: S/N | G7: 특이사항 (준비사항) | O7: 구분
B8: 44694 | D8: 손대호 | E8: 1207BWA | F8: M005275 | G8: Drain이 안된다고 연락 와서 유선으로 Air 제거 등 진행 했으나 정상화 불가. 방문하여 조치 필요. Pm300 Pump는 1EA 수급 완료 (하이닉스) | O8: 완료
B9: 44699 | D9: 손대호 | E9: 1207BWA | F9: M005275 | G9: 약 6개월간 설비 비가동으로 내부 슬러지가 굳어서 Drain Chack Velve 고착되어 Drain이 안되었음. Check Valve 분리하여 Cleaning 진행 | O9: 완료

Sheet 18.경북대학교 반도체 융합 기술 연구원
B2: 18 | C2: 경북대학교 반도체 융합 기술 연구원
B7: 날짜 | C7: 납기 (없으면 안써도됨) | D7: 담당자 | E7: Model | F7: S/N | G7: 특이사항 (준비사항) | O7: 구분

Sheet 19.광전자
B2: 19 | C2: 광전자
B7: 날짜 | C7: 납기 (없으면 안써도됨) | D7: 담당자 | E7: Model | F7: S/N | G7: 특이사항 (준비사항) | O7: 구분

Sheet 20.광주과학기술원
B2: 20 | C2: 광주과학기술원
B7: 날짜 | C7: 납기 (없으면 안써도됨) | D7: 담당자 | E7: Model | F7: S/N | G7: 특이사항 (준비사항) | O7: 구분

Sheet 21.국가 핵융합연구소
B2: 21 | C2: 국가 핵융합연구소
B7: 날짜 | C7: 납기 (없으면 안써도됨) | D7: 담당자 | E7: Model | F7: S/N | G7: 특이사항 (준비사항) | O7: 구분

Sheet 22.국제일렉트릭코리아 (오산)
B2: 22 | C2: 국제일렉트릭코리아 (오산)
B7: 날짜 | C7: 납기 (없으면 안써도됨) | D7: 담당자 | E7: Model | F7: S/N | G7: 특이사항 (준비사항) | O7: 구분

Sheet 22.국제일렉트릭코리아(진위)
A2: 96 | B2: 국제일렉트릭코리아 (진위)
A7: 날짜 | B7: 납기 (없으면 안써도됨) | C7: 담당자 | D7: Model | E7: S/N | F7: 특이사항 (준비사항) | N7: 구분
A8: 45817 | C8: 박종선PL | D8: 509HW | E8: M008154 | F8: 06/12 유니온테크와 동행하여 Hook-Up 및 배관설치 작업 진행 예정
A9: 45817 | C9: 박종선PL | D9: 509HW | E9: M008155 | F9: 06/12 유니온테크와 동행하여 Hook-Up 및 배관설치 작업 진행 예정
A10: 45817 | C10: 박종선PL | D10: 509HW | E10: M008156 | F10: 06/12 유니온테크와 동행하여 Hook-Up 및 배관설치 작업 진행 예정
A11: 45817 | C11: 박종선PL | D11: 외부탱크 | E11: 외부탱크 | F11: 06/12 유니온테크와 동행하여 Hook-Up 및 배관설치 작업 진행 예정

Sheet 23.나노스
B2: 23 | C2: 나노스
B7: 날짜 | C7: 납기 (없으면 안써도됨) | D7: 담당자 | E7: Model | F7: S/N | G7: 특이사항 (준비사항) | O7: 구분
B8: 44673 | D8: 석원빈 | E8: 507BWS | F8: M006496 | G8: 4/22(금) 설비 납품 진행예정 | O8: 완료
B9: 44665 | C9: 44678 | D9: 석원빈 | E9: 507BWS | F9: M006496 | G9: 자연드레인인데 파워드레인 달려 있어서 자연드레인 배관 설치 및 파워드레인 라인 철거 필요. 자연드레인배관 긴급으로 발주 냈음. 고객사측에서 4/27(수)에 턴온한다고 함. 배관 수급가능여부 확인하여 고객사와 일정 재조율 필요 -> 4/27 아침에 배관 수급 방문하여 Hook-Up 및 Turn-On 예정 | O9: 완료
B10: 44673 | D10: 석원빈 | E10: 507BWS | F10: M006496 | G10: ------->>> 자연 Drain과 Power Drain을 같이 쓴다고 함. 자연 Drain Line 배관 설치 및 균압관 설치 하여야 하며, 전극봉 Sensor의 Middle2 접점을 자연드레인 테스트 및 확인된 수위 위로 잘라내어야 함. H/HIGH 접점은 정상 9.3cm이나, 최소 6.5cm까지는 남겨놓고 잘라도 된다고 함. H/High 접점이 Middle2 높이와 너무 가깝다면,, 설계에 물어보고 잘르던지, 아니면 프로그램 업데이트를 진행 해야 함. -->>> Power Drain 배관 공사는 당장은 아니고 수개월 이후 진행 한다고 함. | O10: 미완료
B11: 44678 | D11: 석원빈 | E11: 507BWS | F11: M006496 | G11: Power Drain Hook Up이 완료되지 않아 전극봉 Sensor 작업은 진행하지 못함. 업체 Hook Up완료 및 Turn-On시 재방문하여 전극봉 Sensor 작업 마무리 해야함. | O11: 미완료
B12: 44691 | D12: 석원빈 | E12: 507BWS | F12: M006496 | G12: Temp #2 온도가 700도에 도달하지 않고 680~700도 사이 유지 한다고 함. 해당 건 관련 유선으로 설명 하였으며, 5/23 이후 설비 계속돌린다고 하여 그 전에 설비 전체적인 점검 바란다고 연락옴 | O12: 완료
B13: 44701 | D13: 석원빈 | E13: 507BWS | F13: M006496 | G13: 설비 점검진행하여 Temp Controller 출력 80 -> 90으로 상향 및 Burning Air 유량 90으로 상향하여 700도 도달 확인 ----------------->>>>레포트 참고 | O13: 완료 | P13: ..\23.나노스\나노스 화성 (507BWS)\Report\나노스_20220520 Temp#2 하락으로 인한 점검 件.xlsx
B14: 44711 | D14: 석원빈 | E14: 507BWS | F14: M006496 | G14: MF FLANGE 배관 납품 완료 | O14: 완료
B15: 44711 | D15: 석원빈 | E15: 507BWS | F15: M006496 | G15: 폐수배관 고정 새들이랑, 50A SUS END CAP장착해줘야됨 | O15: 완료
B16: 44747 | D16: 석원빈 | E16: 507BWS | F16: M006496 | G16: Drain Actuator Valve Stem부 Leak 발생하여 Actuator Valve 교체 진행 폐수배관 고정 새들 장착 완료 | O16: 완료
B17: 44936 | D17: 석원빈 | E17: 507BWS | F17: M006496 | G17: NW Line 결로 심해서 결로 작업 진행 완료 함. (무상) | O17: 완료
B18: 44960 | D18: 석원빈 | E18: 507BWS | F18: M006496 | G18: Drain Actuator Valve Stem부 Leak 발생하여 Actuator Valve 교체 진행. 7월에 교체 하였으나 재발생 | O18: 완료

Sheet 24.뉴파워플라즈마
B2: 24 | C2: 뉴파워플라즈마
B7: 날짜 | C7: 납기 (없으면 안써도됨) | D7: 담당자 | E7: Model | F7: S/N | G7: 특이사항 (준비사항) | O7: 구분

Sheet 25.데크
B2: 25 | C2: 데크카본
B7: 날짜 | C7: 납기 (없으면 안써도됨) | D7: 담당자 | E7: Model | F7: S/N | G7: 특이사항 (준비사항) | O7: 구분
G8: PLC Card 및 보드 택배로 송부 함.(민욱) | O8: 완료

Sheet 26.동우 화인켐
B2: 26 | C2: 동우 화인켐
B7: 날짜 | C7: 납기 (없으면 안써도됨) | D7: 담당자 | E7: Model | F7: S/N | G7: 특이사항 (준비사항) | O7: 구분
B8: 44539 | G8: CMS 12/16에 진행한다고 함, 7-A Wet Temp 0ºc 뜨는거 같이 요청 (요청완료) | O8: 완료
B9: 44539 | G9: 12/23일 Test PM시 20211125-22 (오링 및 자재) C60034, C60035, C60036 챙겨가야함 | O9: 완료
B10: 44543 | G10: 12/16일 By-Pass 배관 설치 대응 해야함 | O10: 완료
B11: 44544 | D11: 김재욱 | E11: 603PW | G11: 603 8대 Level Sensor 위치 조정 필요, 7-A 만 완료 | O11: 완료
B12: 44546 | D12: 김재욱 | E12: 603PW | G12: CMS설치 완료 | O12: 완료
B13: 44546 | D13: 김재욱 | E13: 603PW | G13: By-Pass배관 설치.(7-A,7-C호기 배관 수정 필요) | O13: 완료
B14: 44553 | D14: 김재욱 | E14: 603PW | G14: Test PM (7-A) - Chamber 내부 Fullcon Nozzle 부식되어 탈락되어있음 (김재욱책임, 이명해주임에게 개선 요청함) - Torch N2 Lock Type Fitting -> One Touch Fitting으로 개선 교체 진행 - Torch Flange N2 Lock Type Fitting -> One Touch Fitting으로 개선 교체 진행 - Torch N2 안정공급을 위한 Regulator 추가 설치 완료 | O14: 숙지사항
B15: 44553 | D15: 김재욱 | E15: 603PW | G15: Leak Tray Test PM間 설치 하였으나 손잡이 및 경첩 못찾아서 마무리 못함 7-C 는 아직 미설치 상태 | O15: 완료
B16: 44553 | D16: 김재욱 | E16: 603PW | G16: 7-A N2 Regulator 설치 완료 나머지 미설치 상태 | O16: 완료
B17: 44564 | D17: 김재욱 | E17: 603PW | G17: Test PM (7-B) - Chamber 내부 Fullcon Nozzle 부식 (김재욱책임, 이명해주임에게 개선 요청함) - Torch N2 Lock Type Fitting -> One Touch Fitting으로 개선 교체 진행 - Torch Flange N2 Lock Type Fitting -> One Touch Fitting으로 개선 교체 진행 - Torch N2 안정공급을 위한 Regulator 추가 설치 완료 | O17: 숙지사항
B18: 44564 | D18: 김재욱 | E18: 603PW | G18: 7-D Drain Line 배관 교체 완료 | O18: 완료
B19: 44572 | G19: 오른쪽 주소 클릭 개선내용 파일 숙지 | O19: 숙지사항 | P19: ..\26.동우 화인켐\동우화인켐 개선사항 진행상황.xlsx
B20: 44586 | D20: 김재욱 | E20: 603PW | G20: Drain BKT, N2 레귤레이터 피팅, 1/8 PFA 튜브, 개선 리엑터노즐 동우에 반입 완료 | O20: 완료
B21: 44586 | D21: 김재욱 | E21: 603PW | F21: 8-B | G21: Circulation Flow Low Alarm 3회 발생. Low Alarm 걸린것으로 추정됨. 배선확인 결과 이상 없음. 해당 Pressure Sensor 조작방법 숙지 필요 및 Touch상 Delay Time 확인 필요 | O21: 숙지사항
B22: 44587 | D22: 김재욱 | E22: 603PW | G22: Reactor Chamber Absorber 부식 관련하여, 불소(?)코팅된 Absorber 명해형에게 수령받음. 1.5kg 2봉지, 1.3kg 1봉지 총 3봉지. Absorber 양은 명해형이 알려준다고 함. | O22: 숙지사항
B23: 44588 | D23: 김재욱 | E23: 603PW | F23: 8-A | G23: 1/27 PM Reactor Chamber 흑연 Coating Absorber 110EA 충진 Reactor Chamber 개선형 Nozzle 적용 NW 레굴레이터 적용, Torch 원터치피팅 적용 | O23: 숙지사항
B24: 44588 | D24: 김재욱 | E24: 603PW | F24: 8-C | G24: 1/27 PM -Reactor Chamber 흑연 Coating Absorber 110EA 충진 -Reactor Chamber Nozzle 탈락되어 금속보수제로 고정함. -Reactor Chamber 내부 Castable Chamber 하부가 70%정도 부식되어 Castable Chamber고정 불가능하여 하부에 보강재 및 금속보수제 처리 진행하여 Castable Chamber 고정 진행 NW 레굴레이터 적용, Torch 원터치피팅 적용 | O24: 숙지사항
B25: 44589 | D25: 김재욱 | E25: 603PW | G25: Circulation 압력이 Data Log에 저장되지 않아, Program 변경 Flow 등록 하였음. 김재욱 책임 통화시 4대씩 2일로 나누어 작업가능하냐고 문의 하였으며, 설 이후 일정 잡아보고 몇대씩 할지 알려 준다고 함. -> 프로그램 수정은 완료 되었으며, 김재욱 책임 통화결과 일정 잡아서 2대씩 4회 방문하여 업데이트 하는게 좋을것 같다고 함. 윤차장님 문의결과 4번 방문 가능하시다고 함. | O25: 완료
B26: 44596 | D26: 김재욱 | E26: 603PW | G26: 8-A호기 코팅된 Absorber 사용시 코팅 이물질이 열교환기에 들어가 막힘 현상 발생.(Cir.Puressure 하락) 기존 사용중이던 Absorber로 교체 진행 | O26: 숙지사항
B27: 44596 | D27: 김재욱 | E27: 603PW | F27: 8-A | G27: Reactor Chamber 코팅 Absorber 확인결과, 코팅이 녹아서 Wet Tank Water 상부에 떠다님, Absorber는 살아있음 95%. 해당 건 업무요청서 작성 예정 | O27: 완료
B28: 44600 | D28: 김재욱 | E28: 603PW | F28: 8-C | G28: 압소바 코팅 녹아서 Wet Tank 내부에 떠다님, Cir' Flow Error 발생하여 열교환기 간이 Cleaning 및 펌프 뜯어서 위에 떠다디는거 건져냄 Exhaust 타공판 무너져서 P.P 압소바 Wet Tank에 떨어져 있어서 건져서 3라인 자재보관 하는곳에 놓음(재사용 해야함) 02.10 한번 더 발생하여 열교환기 간이 클리닝 진행 | O28: 완료
B29: 44600 | D29: 김재욱 | E29: 603PW | F29: 8-A | G29: Circulation Flow Error 걸림. 8-B호기와 같은 현상으로 보임 | O29: 완료
B30: 44602 | D30: 김재욱 | E30: 603PW | F30: 전설비 | G30: Main 폐수배관 용량 문제로 Wet Level High Alarm 다수 발생하여 김재욱책임 통화 후 Alarm Time에서 Wet Level High 10sec -> 40sec 으로 변경 예정 NW유량 6.~ -> 5.0으로 조정 해놓음 | O30: 완료
B31: 44602 | D31: 김재욱 | E31: 603PW | G31: 다음번 방문시 드릴 챙겨가서 Drain Line BKT 장착 필요 M4 철기리, M4 탭 수령하였음, 다음번 방문때 Hole 작업 및 Tap 작업하여 고무부싱 설치 및 Drain PVC Valve 하단부에 신규 BKT 설치 필요 ->>> 8-C에 설치함 | O31: 완료
B32: 44602 | D32: 김재욱 | E32: 603PW | G32: 7-A, 7-C Leak Tray 고정 고리 입고하여 수령함. 실리콘작업 마무리 필요 | O32: 완료
B33: 44607 | D33: 김재욱 | E33: 603PW | F33: 7-D | G33: Power Supply NO.5 Error 발생 (Out Voltage Sensing Circuit Failure)하여 Power Supply 안전재고 1EA 로 교체 후 정상가동 中 (380V, 40A 유지, 터치 Over Voltage Alarm 발생) 처음에는 Torch 문제인 줄 알고 Torch 교체 하였으나, 교체 하여도 동일 증상 발생하여 Power Supply no5 발생 확인되어 Power Supply 교체 하였으며, Torch는 원복 하였음. Power Supply는 김재욱책임이 반출신청 해준다고 하며 연구소 및 QC인계하여 원인분석 예정 원인 분석 완료되면 재반입 하여 해당설비에 다시 재장착 해야함 | O33: 미완료
B34: 44607 | D34: 김재욱 | E34: 603PW | F34: 8-C | G34: Cir Flow Error 재발생하여 열교환기 분해하여 Cleaning 진행 압소바 코팅이 열교환기 내부에 한뭉탱이 적체되어 있음 | O34: 완료
B35: 44616 | D35: 김재욱 | E35: 603PW | F35: 8-C | G35: Reactor Chamber 하부 부식 너무 심해서 Castable Chamber 기울어져 있음 그래서 Reactor Temp 500~1000도까지 올라갔었음 그래서 연구소 긴급요청하여 도너츠모양 가이드링 만들어서 받아서 설치하여 캐스터블 챔버 고정함. P285 오링 녹아서 리엑터랑 웻상판이랑 붙음 리엑터 캐스터블 챔버 한쪽 30%정도 녹고 탄화됨 리엑터 챔버 탄화됨 (빨리 교체 해야됨 이그니션 안되서 토치 교체함 설비 상부 드레인 배관 브라켓에 고무부싱 설치 완료 설비 내부 드레인 배관 브라켓 설치 완료 웻 상판 테프론 코팅 녹아서 제거함 (발주하여 교체 해야함 엄청 급하진 않음) | O35: 숙지사항
B36: 44616 | D36: 김재욱 | E36: 603PW | G36: Drain배관 내부 BKT 7Set 발주 및 적용 필요 -> 3/3 발주완료 | O36: 완료
B37: 44616 | D37: 김재욱 | E37: 603PW | G37: 7-D 탈착한 Power Supply, 8-C 탈착한 Torch 3/3(목) 반출예정 반출하여 Flow 작성 및 연구소 인계하여 업체에게 전달 후 수리보고서 받아봐야함. -> 3/3 반출완료. 반출서류 내자리 모니터 밑에 있음. 반입할때 챙겨야함!! | O37: 미완료
B38: 44627 | D38: 김재욱 | E38: 603PW | G38: Cir Pressure 관련 Program 변경 件 원래 3/10(목)에 방문하여 2대 진행 할 예정 이었지만, 윤태중차장님 따님이 코로나 양성판정으로 자가격리 중이어서, 동우규정상 가족중 양성판정 받고, 자가격리 끝나는 시점부터 동우에 입문할 수 있다고 함. 윤차장님 따님 격리해제 되면 프로그램 업데이트 일정 다시 조율 해야함. | O38: 완료
B39: 44628 | E39: 603PW | G39: Cir' Teflon Ferrule 2/24 입고 된다고 하였으나, 확인 결과 아직 안들어온 상태 인거 같음. 확인하여 수령 필요 | O39: 완료
B40: 44635 | D40: 김재욱 | E40: 603PW | G40: 동우에서 유상발주한 토치10, 파워서플라이2, 펌프1 개 中 처음에 무상으로 들어갔던 토치, 파워서플라이1, 펌프1 개를 수리 후 유상으로 구매 하준다고 하니, 납품시 발주수량에서 -1개를 납품해야하고, 토치랑 파워서플라이는 수리한거 반입증가져가서 반입후 납품 진행 | O40: 숙지사항
B41: 44644 | E41: 603PW | F41: 8-C | G41: Reactor Chamber Issue 발생설비 Reactor Chamber 교체진행 하였으나, Reactor Chamber T/C Housing 길이가 짧음 추정으로 T/C가 1cm가량 들어가다가 남음 | O41: 숙지사항
B42: 44648 | D42: 김재욱 | E42: 603PW | F42: 8-C | G42: Reactor Chamber 하부 원형 Nozzle Tip 부식관련 Teflon재질 Nozzle Tip으로 8-C 호기에 6개 中 1개만 바꿔서 Test 적용 예정이며 1달정도 적용 후 다음 정기 PM시 확인하여 정상이면 6개中 3개 적용하여 또 1개월 Test 적용하여 그다음 PM때 정상이면 6개 모두 적용 후 그다음 PM시 확인하여 전설비 적용 할 지 말 지 협의 해보아야 함. (8-C 원형 Nozzle 교체用 1EA 및 및 안전재고 1EA 까지 총 2EA 발주완료함 Test 적용 中 문제 생기면 기존 SUS Nozzle Tip을 주기적으로 교체해 주는 방향으로 원복. | O42: 숙지사항
B43: 44648 | D43: 김재욱 | E43: 603PW | G43: Exhaust Top 40A SUS Endcap은 PVC Endcap 기존 Code가 있다고 함. 그거 발주하여 적용 하면 됨 -> 발주는완료 | O43: 완료
B44: 44656 | D44: 김재욱 | E44: 603PW | G44: 동우 유상 Part's 구매 관련 Drain 배관은 Pump 바로 위쪽 Drain 배관 말고 PVC Ball Valve 까지만 제작 한다고 함. Tank 바로 위에단 Line 제작하려면 사급으로 진행해야 한다고 함. 강차장님이 유니온테크에는 Ball Valve 까지만 제작진행하라고 인폼 하였고, 김재욱책임과는 통화하신다고 함. | O44: 완료
B45: 44665 | D45: 김재욱 | E45: 603PW | G45: 603 NW유량 기존 5.5~6.0 -> 6.5~7.0으로 변경 요청하여 전설비 조정 진행 | O45: 완료
B46: 44670 | D46: 김재욱 | E46: 603PW | F46: 7-B | G46: Data Log가 4/16일까지밖에 기록되어있지 않음 윤차장님께 확인필요 | O46: 미완료
B47: 44679 | D47: 김재욱 | E47: 603PW | F47: 전설비 | G47: 8-C 리엑터챔버 하부 부식 여전하여 Sleeve Air 유량 김재욱책임에게 문의 후 전설비 50 -> 80으로 상향조정 함. | O47: 완료
B48: 44707 | D48: 김재욱 | E48: 603PW | F48: 8-B,D | G48: 세라믹 압소바 적용예정 | O48: 완료
B49: 44707 | D49: 김재욱 | E49: 603PW | G49: Power Supply 수리반출 나왔던거 재반입 진행 예정 (반출입증) | O49: 완료
B50: 44725 | D50: 김재욱 | E50: 1207BWA | F50: 5-C | G50: Circulation Pump 교체간 PVC 유니온에 오링 빠져서 Leak 났었다고 연락옴,, | O50: 숙지사항
B51: 44756 | D51: 김재욱 | E51: 603PW | F51: 8-A,C | G51: Torch N2 Line 1/8 PFA Tube 꺾임으로 인해 -> 1/8 우레탄 Tube 로 개선완료 Test 후 결과확인 후 603PW(8대) 적용예정 | O51: 완료
B52: 44761 | D52: 김재욱 | E52: 603PW | G52: 원형 Nozzle 2ea, Teflon Tip 수급 완료, 603 작업시 Wet Tank 상판 문제있는 설비로 장착하여 Teflon Nozzle Tip 장착하여 Test 진행 해야 함. | O52: 미완료
B53: 44761 | D53: 김재욱 | E53: 603PW | G53: 7/25~27 동우 방문하면 Power Supply, Cir Pump 반출했다가 다음번에 그대로 반입 진행 (파워서플라이 시리얼 넘버 뽑아서 붙여놓음) | O53: 완료
B54: 44770 | D54: 김재욱 | E54: 603PW | F54: 7-D | G54: Torch N2 Line 1/8 우레탄 Tube 로 개선미진행 MALE CONNECTOR(ONE TOUCH) 1/8"-M5(KQ2H01-M5N) 900-005-113 재고 수립 후 정기PM시 교체진행해야함 | O54: 완료
B55: 44938 | D55: 김재욱 | E55: 603PW | F55: 8-D | G55: Reactor Chamber 교체시 내부 부식 취약부위 금속보수제 조치진행 다음 PM시 조치진행 Point 및 조치안된 Point 비교해봐야함 부식진행이 현저히 느릴시 앞으로 리액터챔버에 금속보수제 조치 후 납품예정 | O55: 완료
B56: 44966 | D56: 김재욱 | E56: 603PW | F56: - | G56: 타공판 및 세라믹압소바 제거 件 Reactor Chamber 하부 부식 -> 수분으로 추정 中 당사내부 Test진행 후 효율 NF3 90% N2o 60% 나올 시 담당자 Inform 후 현장에 적용 예정 | O56: 미완료

Sheet 26.동우화인켐 개선사항
B2: 동우화인켐 603PW 개선관련 진행 사항 | I2: 설비적용 현황 (날짜)
B3: NO. | C3: 문제점 | D3: 원인 | E3: 개선 | F3: 사진 (전) | G3: 사진 (후) | H3: 진행상황 | I3: 7호기 A | J3: 7호기 B | K3: 7호기 C | L3: 7호기 D | M3: 8호기 A | N3: 8호기 B | O3: 8호기 C | P3: 8호기 D
B4: 1 | C4: REACTOR CHAMBER 하단부의 WET ZONE CIR' NOZZLE 부식발생 (단독 SPRIAL ZET NOZZLE) | D4: • PLASMA FLAME에 NOZZLE 및 NOZZLE LINE TEFLON COATING 손상 (COATING탄화 / NOZZLE LINE 끊어짐 / 플루오린에 의한 추가부식 발생) | E4: 1. NOZZLE LINE의 가로길이 축소 및 하부 경사각을 적용하여 대각선 방향으로 CIR' WATER 분사 NOZZLE 내부위치 변경으로 FLAME DAMAGE를 받지않고 COATING 보존효과 기대 | H4: <개선1> -개선 NOZZLE 제작 완료 -FAB TEST 진행 중 -현재까지 NOZZLE 손상 없음 | I4: 44614 | J4: 44630 | K4: 44614 | L4: 44630 | M4: 44588 | N4: 44623 | O4: 44616 | P4: 44623
B5: 2 | C5: REACTOR CHAMBER 하부 FLANGE 부식발생 (S/A 유입구간) | D5: • 고온구간으로 COATING 미적용 • 수분으로 인한 부식발생 (녹색 POWDER) | E5: 1. NOZZLE LINE의 가로길이 축소 및 하부 경사각을 적용하여 대각선 방향으로 CIR' WATER 분사 NOZZLE COATING 보존으로 이탈방지하여 WET ZONE WATER가 REACTOR 하부에 접촉하지 못하도록 방지 | H5: <개선1> -개선 NOZZLE 제작 완료 -FAB TEST 진행 중 -개선효과 확인 間 지속 부식 발생 확인 | I5: 44614 | J5: 44630 | K5: 44614 | L5: 44630 | M5: 44588 | N5: 44623 | O5: 44616 | P5: 44623
E6: 1. SLEEVE AIR 의 유량을 상향하여 CURTAIN 기능 강화 WATER가 REACTOR 하부 FLANGE 내측으로 접촉하지 못하게하여 부식지연 효과 기대 | H6: <개선2> -603PW 전설비 SLEEVE AIR 유량 상향 -기존 50 SL,M → 상향 80 SLM -개선효과 확인 中 | I6: 44679 | J6: 44679 | K6: 44679 | L6: 44679 | M6: 44679 | N6: 44679 | O6: 44679 | P6: 44679
B7: 3 | C7: DRAIN 배관 심한 진동 발생 | D7: • DRAIN 배관 SPEED CONTROLLER 탈락 • CHECK VALVE 진동으로 인한 파손 | E7: 1. DRAIN 배관 SPEED CONTROLLER 눈금 TYPE으로 적용 | H7: <개선1> -SPEED CONTROLLER 탈락 미발생 -진동효과 미비 / 개선효과 확인완료 -전설비 적용 完 | I7: 고객사측에서 설치 | J7: 고객사측에서 설치 | K7: 고객사측에서 설치 | L7: 고객사측에서 설치 | M7: 고객사측에서 설치 | N7: 고객사측에서 설치 | O7: 고객사측에서 설치 | P7: 고객사측에서 설치
B8: 4 | C8: DRAIN 배관 BKT에 의한 배관 갈림 | D8: • DRAIN 배관 심한 진동발생 • 배관과 BKT간 충격방지 기능 없음 | E8: 1. 배관과 BKT간 충격방지용 고무 부싱 적용 2. 충격방지용 추가 SUPPORT 적용 | H8: <개선1> -추가적인 배관갈림 현상 없음 -개선효과 확인완료 -전설비 적용 完 | I8: 44651 | J8: 44651 | K8: 44651 | L8: 44651 | M8: 44644 | N8: 44644 | O8: 44616 | P8: 44644
B9: 5 | C9: RED ALARM 발생시 PURGE N2 미유입 | D9: • 고객사 담당자 요청사항 | E9: 1. RED ALARM 발생시 PURGE N2 상시유입 프로그램 적용 PURGE N2 유입시 GAS 처리 효율 2%~3%정도 저하예상 정상범위의 효율처리에는 이상없을 것으로 예상함 (연구소) | H9: <개선1> -전설비 적용 完 | I9: 44553 | J9: 44564 | K9: 44614 | L9: 44602 | M9: 44588 | N9: 44596 | O9: 44588 | P9: 44596
B10: 6 | C10: IGNITION FAIL | D10: • TORCH N2 유량 HUNTING으로 인한 IGNITION FAIL • TORCH AMPARE 불안정 | E10: 1. N2 REGULATOR 1EA 추가설치 N2 REGULATOR 추가 설치로 N2유량 안정 예정 | H10: <개선1> -설치 후 N2유량 HUNTING 없음 -개선효과 확인완료 -전설비 적용 完 | I10: 44553 | J10: 44564 | K10: 44614 | L10: 44602 | M10: 44588 | N10: 44596 | O10: 44588 | P10: 44596
B11: 7 | C11: CIRCULATION LINE FITTING(SUS) WATER LEAK | D11: • FERRULE 부식으로 인한 WATER LEAK 발생 | E11: 1. FITTING 재질변경 TEST 필요 / TEFLON | H11: <개선1> -일부설비 TEFLON FITTING TEST 中 -현재까지 이상 無 | I11: 44693 | J11: 44656 | K11: 44693 | L11: 44684 | M11: 44698 | N11: 44707 | O11: 44644 | P11: 44707
B12: 8 | C12: CIRCULATION PRESSURE 값 DATA LOG 저장필요 | D12: • CIR' PRESSURE 변화 HISTORY를 확인하기 위함 | E12: 1. PROGRAM 수정 및 배선 추가작업 진행 | H12: <개선1> -DATA LOG에 CIR' PRESSURE값 확인 -횡전개 진행 中 | I12: 날짜기입 | J12: 44684 | K12: 날짜기입 | L12: 44684 | M12: 44644 | N12: 44651 | O12: 44644 | P12: 44651
B13: 9 | C13: REACTOR CHAMBER 하부의 WET ZONE ABSORBER 전량부식 | D13: • 플루오린에 의한 부식 | E13: 1. ABSORBER에 TEFLON COATING 적용 부식연장 효과 기대 | H13: <개선1> -COATING 박리되어 CIR' 열교환기 막힘현상 발생 (CIR' FLOW ERROR) -PLASMA FLAME DAMAGE 발생 -재 개선 필요 2) 5/12 세라믹 Absorber 설비 Test 적용하여 개선효과 확인 필요 | I13: 미적용 | J13: 미적용 | K13: 미적용 | L13: 미적용 | M13: 44588 | N13: 미적용 | O13: 44588 | P13: 미적용
D14: • PLASMA FLAME 및 플루오린에 의한 부식 | E14: 1. CERAMIC ABSORBER 적용 | H14: <개선2> -5/12 FAB TEST 예정 | I14: 날짜기입 | J14: 44770 | K14: 날짜기입 | L14: 44770 | M14: 44784 | N14: 44707 | O14: 44784 | P14: 44707
B15: 10 | C15: TORCH N2 유입불량 | D15: • 1/8" PFA TUBE 꺾임 | E15: 1. HISTORY →초기 PFA TUBE / SUS FITTING & SUS TUBE 구조물로 설계하여 SET UP →PFA TUBE 빠짐 현상으로 LINE에서 불합리 지적 (오조립 추정) →SUS FITTING을 ONE TOUCH TYPE으로 변경 →PFA TUBE가 빠지지는 않으나 꺽임현상 발생 (SUS FITTING & SUS TUBE 구조물 제거로 TUBE 무게를 지탱할 곳이 없어짐) (PFA TUBE에 ONE TOUCH FITTING 무게가 더해져서 꺽임 심화) | H15: <개선1> -고객社 담당자 분과 내용논의 -고객社 담당자 분이 URETHANE TUBE 적용여부 SEARCH 中 | I15: 44777 | J15: 44770 | K15: 44806 | L15: 44798 | M15: 44756 | N15: 44763 | O15: 44756 | P15: 44763
B16: 11 | C16: EXHAUST TOP에 설치된 NW40 ENDCAP 및 CENTER RING 부식 | D16: • 플루오린에 의한 부식 | E16: Exhaust Top 40A SUS Endcap 및 40A C/O-Ring 부식 발생 | H16: <개선1> -PART'S 수급 후 진행예정 | I16: 44777 | J16: 44770 | K16: 44777 | L16: 44770 | M16: 44784 | N16: 44763 | O16: 44784 | P16: 44763
B17: 12 | C17: WET Tank 우측에 설치된 NW50 SUS ENDCAP 부식 | D17: • 플루오린에 의한 부식 | E17: WET Tank 우측 NW50 SUS Endcap 및 P60 O-Ring 부식 발생 | H17: <개선1> -PART'S 수급 후 진행예정 | I17: 44749 | J17: 44742 | K17: 44749 | L17: 44742 | M17: 44756 | N17: 44740 | O17: 44756 | P17: 44740
B18: 13 | C18: EXHAUST PRESSURE 저하 | D18: • PFA PRESSURFE TUBE WATER 적채로 인한 SENSING오류 발생 (확인후 제거하였으나, 단시간내 다시 적채발생) | E18: 1. FITTING 방향 전환하여 위에서부터 유선형으로 TUBE가 설치되도록 변경 | H18: <개선1> -변경 후 FITTING 자체가 WATER에 잠식되는지 확인필요 -5/21 진행예정 | I18: 날짜기입 | J18: 날짜기입 | K18: 날짜기입 | L18: 날짜기입 | M18: 날짜기입 | N18: 날짜기입 | O18: 날짜기입 | P18: 날짜기입

Sheet 26.동우화인켐 토치 교체이력
B2: 26 | C2: 동우화인켐 토치 교체이력
I7: 유상 | J7: 무상
D8: 수식 걸려 있음 수정 금지 | I8: 교체 날짜 기입
B9: 호기 | C9: 장착 S/N | D9: 최근교체일 | E9: 최근교체경과일 | F9: 교체횟수 | G9: 평균주기 | H9: Set-Up | I9: 1차 | J9: 2차 | K9: 3차 | L9: 4차 | M9: 5차 | N9: 6차 | O9: 7차 | P9: 8차 | Q9: 9차 | R9: 10차
B10: 3L_CVD07_A | C10: DW-603-06 | D10: =IF(I10="",H10,MAX($H10:$R10)) -> 44721 | E10: =TODAY()-D10 -> 1365 | F10: =COUNT($I10:$R10) -> 1 | G10: =(D10-H10)/F10 -> 245 | H10: 44476 | I10: 44721
B11: 3L_CVD07_B | C11: DW-603-04 | D11: =IF(I11="",H11,MAX($H11:$R11)) -> 45036 | E11: =TODAY()-D11 -> 1050 | F11: =COUNT($I11:$R11) -> 3 | G11: =(D11-H11)/F11 -> 175 | H11: 44511 | I11: 44714 | J11: 44959 | K11: 45036
B12: 3L_CVD07_C | C12: 2204-T001-03 | D12: =IF(I12="",H12,MAX($H12:$R12)) -> 44721 | E12: =TODAY()-D12 -> 1365 | F12: =COUNT($I12:$R12) -> 1 | G12: =(D12-H12)/F12 -> 245 | H12: 44476 | I12: 44721
B13: 3L_CVD07_D | C13: 2204-T001-04 | D13: =IF(I13="",H13,MAX($H13:$R13)) -> 44959 | E13: =TODAY()-D13 -> 1127 | F13: =COUNT($I13:$R13) -> 2 | G13: =(D13-H13)/F13 -> 224 | H13: 44511 | I13: 44714 | J13: 44959
B14: 3L_CVD08_A | C14: PFRP220607 | D14: 44812 | E14: =TODAY()-D14 -> 1274 | F14: 1 | G14: =(D14-H14)/F14 -> 315 | H14: 44497 | I14: 44812
B15: 3L_CVD08_B | C15: DW-603-05 | D15: =IF(I15="",H15,MAX($H15:$R15)) -> 44849 | E15: =TODAY()-D15 -> 1237 | F15: =COUNT($I15:$R15) -> 2 | G15: =(D15-H15)/F15 -> 172.5 | H15: 44504 | I15: 44707 | J15: 44849
B16: 3L_CVD08_C | C16: 8-A | D16: =IF(I16="",H16,MAX($H16:$R16)) -> 44910 | E16: =TODAY()-D16 -> 1176 | F16: =COUNT($I16:$R16) -> 2 | G16: =(D16-H16)/F16 -> 206.5 | H16: 44497 | I16: 44812 | J16: 44910
B17: 3L_CVD08_D | C17: DW-603-08 | D17: =IF(I17="",H17,MAX($H17:$R17)) -> 44707 | E17: =TODAY()-D17 -> 1379 | F17: =COUNT($I17:$R17) -> 1 | G17: =(D17-H17)/F17 -> 202 | H17: 44505 | I17: 44707
H21: Sheet 최신화진행
B22: 수리완료 Torch 동우 내부 MAT 자재창고 보관 中 | C22: S/N | E22: 반입 일자 | G22: 수리 대기 中 반출 예정 | H22: S/N | I22: 탈착 호기 | J22: 탈착 일자 | K22: 반출 일자 | L22: 각인 S/N | M22: 반출 사유
C23: DW-603-02 | H23: DW-603-10
C24: DW-603-07 | H24: 2204-T001-01
B32: 동우 자재창고 보관 中 S/N 확인불가 1EA

Sheet 26.동우화인켐 토치 수리이력
B2: 26 | C2: 동우 화인켐 토치 수리이력
C8: 날짜 기입
B9: Serial No. | C9: 반출일 | D9: 장착일 | E9: 탈착일 | F9: 교체 Part's | G9: 보증기간 | H9: 사용기간 | I9: 유/무상 | J9: 교체 유/무
B10: DW-603-01 | C10: 44732 | D10: 44562 | E10: 44713 | F10: 노드1 | G10: =VLOOKUP(F10,Sheet2!$G$8:$H$15,2,0) -> 90 | H10: =E10-D10 -> 151 | I10: =IF(H10<=G10,"무상",IF(H10>G10,"유상",I)) -> 유상
D11: 44593 | E11: 44594 | F11: 노드2 | G11: =VLOOKUP(F11,Sheet2!$G$8:$H$15,2,0) -> 90 | H11: =E11-D11 -> 1 | I11: =IF(H11<=G11,"무상",IF(H11>G11,"유상",IF(I11,"",""))) -> 무상
D12: 44622 | E12: 44629 | F12: 노드3 | G12: =VLOOKUP(F12,Sheet2!$G$8:$H$15,2,0) -> 120 | H12: =E12-D12 -> 7 | I12: =IF(H12<=G12,"무상",IF(H12>G12,"유상",IF(I12,"",""))) -> 무상
D13: 44656 | E13: 44719 | F13: 노드4 | G13: =VLOOKUP(F13,Sheet2!$G$8:$H$15,2,0) -> 140 | H13: =E13-D13 -> 63 | I13: =IF(H13<=G13,"무상",IF(H13>G13,"유상",IF(I13,"",""))) -> 무상
F14: 노드5 | G14: =VLOOKUP(F14,Sheet2!$G$8:$H$15,2,0) -> 90 | H14: =E14-D14 -> 0 | I14: =IF(H14<=G14,"무상",IF(H14>G14,"유상",IF(I14,"",""))) -> 무상
F15: 노드6 | G15: =VLOOKUP(F15,Sheet2!$G$8:$H$15,2,0) -> 100 | H15: =E15-D15 -> 0 | I15: =IF(H15<=G15,"무상",IF(H15>G15,"유상",IF(I15,"",""))) -> 무상
F16: 노드7 | G16: =VLOOKUP(F16,Sheet2!$G$8:$H$15,2,0) -> 200 | H16: =E16-D16 -> 0 | I16: =IF(H16<=G16,"무상",IF(H16>G16,"유상",IF(I16,"",""))) -> 무상
F17: 노드8 | G17: =VLOOKUP(F17,Sheet2!$G$8:$H$15,2,0) -> 180 | H17: =E17-D17 -> 0 | I17: =IF(H17<=G17,"무상",IF(H17>G17,"유상",IF(I17,"",""))) -> 무상
H18: =E18-D18 -> 0 | I18: =IF(H18<=G18,"무상",IF(H18>G18,"유상",IF(I18,"",""))) -> 무상
H19: =E19-D19 -> 0 | I19: =IF(H19<=G19,"무상",IF(H19>G19,"유상",IF(I19,"",""))) -> 무상
H20: =E20-D20 -> 0 | I20: =IF(H20<=G20,"무상",IF(H20>G20,"유상",IF(I20,"",""))) -> 무상
H21: =E21-D21 -> 0 | I21: =IF(H21<=G21,"무상",IF(H21>G21,"유상",IF(I21,"",""))) -> 무상
H22: =E22-D22 -> 0 | I22: =IF(H22<=G22,"무상",IF(H22>G22,"유상",IF(I22,"",""))) -> 무상
H23: =E23-D23 -> 0 | I23: =IF(H23<=G23,"무상",IF(H23>G23,"유상",IF(I23,"",""))) -> 무상
H24: =E24-D24 -> 0 | I24: =IF(H24<=G24,"무상",IF(H24>G24,"유상",IF(I24,"",""))) -> 무상
H25: =E25-D25 -> 0 | I25: =IF(H25<=G25,"무상",IF(H25>G25,"유상",IF(I25,"",""))) -> 무상
H26: =E26-D26 -> 0 | I26: =IF(H26<=G26,"무상",IF(H26>G26,"유상",IF(I26,"",""))) -> 무상
H27: =E27-D27 -> 0 | I27: =IF(H27<=G27,"무상",IF(H27>G27,"유상",IF(I27,"",""))) -> 무상
H28: =E28-D28 -> 0 | I28: =IF(H28<=G28,"무상",IF(H28>G28,"유상",IF(I28,"",""))) -> 무상
H29: =E29-D29 -> 0 | I29: =IF(H29<=G29,"무상",IF(H29>G29,"유상",IF(I29,"",""))) -> 무상
... H36: =E36-D36 -> 0 | I36: =IF(H36<=G36,"무상",IF(H36>G36,"유상",IF(I36,"",""))) -> 무상
H37: =E37-D37 -> 0 | I37: =IF(H37<=G37,"무상",IF(H37>G37,"유상","")) -> 무상
H38: =E38-D38 -> 0 | I38: =IF(H38<=G38,"무상",IF(H38>G38,"유상","")) -> 무상
H39: =E39-D39 -> 0 | I39: =IF(H39<=G39,"무상",IF(H39>G39,"유상","")) -> 무상
H40: =E40-D40 -> 0 | I40: =IF(H40<=G40,"무상",IF(H40>G40,"유상","")) -> 무상
H41: =E41-D41 -> 0 | I41: =IF(H41<=G41,"무상",IF(H41>G41,"유상","")) -> 무상
H42: =E42-D42 -> 0 | I42: =IF(H42<=G42,"무상",IF(H42>G42,"유상","")) -> 무상
H43: =E43-D43 -> 0 | I43: =IF(H43<=G43,"무상",IF(H43>G43,"유상","")) -> 무상
H44: =E44-D44 -> 0 | I44: =IF(H44<=G44,"무상",IF(H44>G44,"유상","")) -> 무상
H45: =E45-D45 -> 0 | I45: =IF(H45<=G45,"무상",IF(H45>G45,"유상","")) -> 무상
H46: =E46-D46 -> 0 | I46: =IF(H46<=G46,"무상",IF(H46>G46,"유상","")) -> 무상
H47: =E47-D47 -> 0 | I47: =IF(H47<=G47,"무상",IF(H47>G47,"유상","")) -> 무상
H48: =E48-D48 -> 0 | I48: =IF(H48<=G48,"무상",IF(H48>G48,"유상","")) -> 무상
... H240: =E240-D240 -> 0 | I240: =IF(H240<=G240,"무상",IF(H240>G240,"유상","")) -> 무상

Sheet Sheet2
C7: 토치 S/N | D7: 반출일 | E7: 장착일 | F7: 탈착일 | G7: 교체 Part's 목록 | H7: 보증기간 (일) | I7: 사용기간 | J7: 유무상
C8: DW-603-01 | D8: 44735 | E8: 44562 | F8: 44732 | G8: 노드1 | H8: 90 | I8: =F8-E8 -> 170
C9: DW-603-02 | E9: 44595 | F9: 44732 | G9: 노드2 | H9: 90 | I9: =F9-E9 -> 137
C10: DW-603-03 | G10: 노드3 | H10: 120 | I10: =F10-E10 -> 0
C11: DW-603-04 | G11: 노드4 | H11: 140 | I11: =F11-E11 -> 0
C12: DW-603-05 | G12: 노드5 | H12: 90 | I12: =F12-E12 -> 0
C13: DW-603-06 | G13: 노드6 | H13: 100 | I13: =F13-E13 -> 0
C14: DW-603-07 | G14: 노드7 | H14: 200 | I14: =F14-E14 -> 0
C15: DW-603-08 | G15: 노드8 | H15: 180 | I15: =F15-E15 -> 0
C16: DW-603-09 | I16: =F16-E16 -> 0
C17: DW-603-10 | I17: =F17-E17 -> 0
C18: DW-603-11 | I18: =F18-E18 -> 0
C19: DW-603-12 | I19: =F19-E19 -> 0
C20: DW-603-13 | I20: =F20-E20 -> 0
C21: DW-603-14 | I21: =F21-E21 -> 0
C22: DW-603-15 | I22: =F22-E22 -> 0
C23: DW-603-16 | I23: =F23-E23 -> 0
I24: =F24-E24 -> 0
I25: =F25-E25 -> 0
I26: =F26-E26 -> 0
I27: =F27-E27 -> 0
I28: =F28-E28 -> 0
I29: =F29-E29 -> 0
I30: =F30-E30 -> 0
I31: =F31-E31 -> 0
I32: =F32-E32 -> 0
I33: =F33-E33 -> 0
I34: =F34-E34 -> 0
I35: =F35-E35 -> 0
... I237: =F237-E237 -> 0

Sheet 27.마이크로인피니티
B2: 27 | C2: 마이크로인피니티
B7: 날짜 | C7: 납기 (없으면 안써도됨) | D7: 담당자 | E7: Model | F7: S/N | G7: 특이사항 (준비사항) | O7: 구분
B8: 44648 | E8: 202BA | G8: Heater 승온이 안된다고 연락 왔었음 | O8: 완료
B9: 44726 | E9: 202BA | G9: Heater 교체 해주어야 하며, 쿼츠 수량부족하여 수급 후 방문필요 | O9: 완료
B10: 44761 | D10: 이성렬 책임 | E10: 202BA | G10: Heater 등의 자재 수급 완료 하여 방문 교체 예정임. SIC Heater 8ea 교체 진행하였으나, 승온중 Temp#2 쇼트로인해 승온불가. Temp#1만 승온하여 기존 750도 -> 650도 하향조정진행 정상작동확인 전원와이어,Heater T/C, O-ring(규격확인해야함), 수급하여 재방문 교체진행예정 SIC Heater교체진행 시 뒷공간 협소하므로 호일작업 불가(쇼트날 위험성 多) 2차 Cooling 부 탈착하여 작업진행해야함 | O10: 완료
B11: 44810 | D11: 이성렬 책임 | E11: 202BA | G11: 히터등등 교체 완료 후 설비 정상가동 완료. | O11: 완료

Sheet 28.매그나칩
B2: 28 | C2: 매그나칩
B7: 날짜 | C7: 납기 (없으면 안써도됨) | D7: 담당자 | E7: Model | F7: S/N | G7: 특이사항 (준비사항) | O7: 구분

Sheet 29.스카이웍스
B2: 29 | C2: 스카이웍스
B7: 날짜 | C7: 납기 (없으면 안써도됨) | D7: 담당자 | E7: Model | F7: S/N | G7: 특이사항 (준비사항) | O7: 구분
B8: 44650 | E8: 507BWS | F8: M002894 | G8: Over Haul 관련 방문하여 설비 확인 필요 | O8: 완료
B9: 44650 | E9: 507BWS | F9: M002894 | G9: 고객사측 건물에 종단 Scrubber 설치 하여 우리설비 Overhaul 진행 안할 것 같다고 함. 우리설비 안거치고 In-Let 배관 다시 연결 할 것 같음. | O9: 완료

Sheet 30.삼성종합기술원
B2: 30 | C2: 삼성종합기술원
B7: 날짜 | C7: 납기 (없으면 안써도됨) | D7: 담당자 | E7: Model | F7: S/N | G7: 특이사항 (준비사항) | O7: 구분
B8: 44547 | D8: 유민석 | E8: 507BWA | F8: M001851 | G8: Circulation Pump 발주함. 20211208-20 다음 방문시 수령하여 교체 진행 및 기존 Pump(약4개월 사용) Fail 원인 파악 해야함. | O8: 완료
B9: 44546 | D9: 유민석 | E9: 507BWA | F9: M001851 | G9: Circulation Pump 교체 완료. Fail Pump 예상원인 : NH3 Gas 사용시 시수의 칼슘성분이 정제되어 스케일 발생 금속 성분분석기로 성분분석 완료(오른쪽 사진) Rn : 24.5%, In : 20%, Ru : 16.5 검출됨 동일증상 또 발생시 정확한 성분 분석하여 원인 알려줄 필요 있음. | O9: 완료
B10: 44567 | D10: 유민석 | E10: 507BWA | F10: M001851 | G10: 금일 방문하여 Chamber Open결과 Middle Flange 상부 Powder 95%적체되어 Pressure High Alarm 발생, Middle Flange 상부 Powder Cleaning 진행 하였음. 차후 PM일정 수립하여 방문 필요 - Wet Chamber 내부 Absorber에도 Powder가 Coating 처럼 도포되어 있어 추후 Absorber 교체 필요 - Exhaust Absorber에도 Powder도포 예상되며, Absorber Inch가 큰 Absorber로 교체 필요 예상 - 차후 PM시 필요 Part's 목록 1) 375*375 사각 O-Ring 2EA 2) NW40A Viton C/O-Ring 6EA 3) NW100 C/O-Ring 2EA 4) NW63 C/O-Ring 2EA 5) Wet Chamver 돼지꼬리 Absorber 3kg Exhaust 폴링 1inch Absorber 2kg - 금일 인건비는 차후 PM건과 합계하여 계상 (담당자 인폼완료) PM완료시 성순희과장에게 인폼해주어야함 - PM건 필요 Part's 구매 필요 | O10: 완료
B11: 44571 | D11: 유민석 | E11: 507BWA | F11: M001851 | G11: PM 필요물품 발주 및 견적서 송부 완료 하였음, NW63임 | O11: 완료
B12: 44586 | D12: 유민석 | E12: 507BWA | F12: M001851 | G12: 내부세정 PM 진행 완료 하였고, 성순희과장에게 PM Report 송부 했음. 딜리버리노트 나오면 같이 보내달라고 요청 하였음. | O12: 완료
B13: 44603 | D13: 유민석 | E13: FCTO703W | F13: M005391 | G13: 삼성전자 생산기술 연구소에서 삼성종합기술원 연구4동(2층) 으로 이설 예정. 이설 끝나면 Set-Up일정 잡아서 Set-Up 진행 해야함. | O13: 완료
B14: 44608 | D14: 유민석 | E14: FCTO703W | F14: M005391 | G14: 이설하면서 전장부 NFB Handle 파손되었다고 함. 형빈이형이 발주 후 인건비까지 견적서 처리 하고 나서 Set-Up 진행 하면 됨 -> 담당자가 조치 했다고 함. | O14: 완료
B15: 44627 | D15: 유민석 | E15: 507BWA | F15: M001851 | G15: Pump #1 Error 발생하여 유민석프로 연락옴, 동교형 코로나 검사 끝나면 일정 다시 알려준다고 하였고, 인건비 2건에 대한 견적서만 영업부에 송부요청 하였음. PM250 Pump 필요할 수도 있음. -> 설비 다시 가동해보니 Pump 다시 잘 돌아간다고 함. 안와도된다고 하여 다음에 703 Turn-On때 한번 들린다고 해놓았음. | O15: 완료
B16: 44628 | G16: 삼성종합기술원 방문시 적격 수급인평가를 환경안전팀에서 삼종기에 송부 및 완료처리가 되어야 방문할 수 있다고 함. (우리회사 환경안전에서 아직 진행 안됨) 유민석프로는 적격 수급인평가 마무리가 안되었어도 방문 가능한지 알아보고 연락준다고 함. | O16: 숙지사항
B17: 44648 | D17: 이충희 | E17: FCTO703W | F17: M005391 | G17: 고객사 일정변경으로 인하여 3/30 -> 4/15 -> 4/22로 일정 변경됨 | O17: 완료
B18: 44669 | D18: 유민석 | E18: 507BWA | F18: M001851 | G18: Pump #1 Error 재발생하여 4/22 703 Turn-On시 같이 방문하여 점검해주기로 함. 내방결재는 유민석프로에게 한번에 올려 놓았음, 차량은 83수 8130으로 해놓음 | O18: 완료
B19: 44673 | D19: 이충희 | E19: FCTO703W | F19: M005391 | G19: 설비 이설間 장착했던 설비 바퀴 가져와야 함,, 4/29 아데카 방문시 가져와야 할 것 같음 | O19: 완료
B20: 44669 | D20: 유민석 | E20: 507BWA | F20: M001851 | G20: Cir' Pump #1 Error, Circulation Flow Error 발생 관련 점검 결과 Circulation Pump Impeller Powder 막 고착되어 Impeller 회전 불량 발생으로 Error 발생 추정 유민석프로에게 Pump 교체 해야한다고 전달 하였고, 영업부 성순희과장님에게 4/22 점검 방문 인건비 2인 및 다음 방문 교체 필요한 유상 Cir' Pump 1EA, 인건비 1인 견적서 송부요청 메일 송부 함. Cir' Pump 수급하여 재방문 필요 ->>> 5/25에 파츠 수급하여 방문 하여야 하며, 5/23에 삼종기 구매협력업체랑 통화하여 거래명세표 발행요청 하면 됨. 그거 출력해서 5/26에 납품 및 조치 | O20: 완료
B21: 44728 | D21: 정아름 | E21: FCTO700W | F21: M004218 | G21: Water Leak 발생 및 Cartridge Temp High Alarm 발생 件 설비 약 4개월간 비가동 상태로 유지하였으며, Power Drain 배관에 Check Valve 달려 있으나 폐수가 조금씩 역류하여 Cartridge Out Flange - 1차 Exhaust Elbow 체결부 체결불량으로 인한 틈에서 Water Leak 발생함. 양이 많지 않고 Water가 빠져나갈 수 있는 틈이 있어서 Cartridge로 Water가 넘어간 것 같지는 않음. Cartridge Bottom T/C Fail로 교체, Top T/C는 Fail이나 차후 견적서 송부하여 교체 예정. Circulation Pump 소음 및 진동 너무커서 교체 제안 함. 견적서 송부 하였으며, 진행 여부는 내부검토 후 알려준다고 함. ----------->>Report 참고 | O21: 완료 | P21: ..\30.삼성종합기술원\700 Report\삼성종합기술원_20220616 Water Leak 조치 및 Bottom TC 교체 件.xlsx
B22: 44761 | D22: 정아름 | E22: FCTO700W | F22: M004218 | G22: Cir' Pump 및 Top T/C 교체 진행 한다고 함, 견적서 및 발주 완료, 수급하여 방문스케쥴 잡아야 함. | O22: 완료
B23: 44775 | D23: 정아름 | E23: FCTO700W | F23: M004218 | G23: Cir Pump 교체 건 납품납기가 8/5까지라서 납품기한 연장 해야 한다고 함. 정아름프로와 일정 협의 후 성순희 과장님께 날짜 인폼 해주어야 함. | O23: 완료
B24: 44791 | D24: 정아름 | E24: FCTO700W | F24: M004218 | G24: Cir Pump 교체 완료 호 진동 이상 무. Top, bottom t/c 교체 완료 | O24: 완료
B25: 44907 | D25: 유민석 | E25: 507BWA | F25: M001851 | G25: 설문조사 및 설비 점검으로 방문. 507 Level Kit 하부 연결부 미세 Leak 발생 다음번 방문떄 조치 필요 | O25: 미완료
B26: 44907 | D26: 정아름 | E26: FCTO700W | F26: M004218 | G26: 설문조사 및 설비 점검으로 방문. Cartridge Steam In단 막힌거 같음. 다음번 방문떄 조치 필요 | O26: 미완료

Sheet 31.아이작 리서치
B2: 31 | C2: 아이작 리서치
B7: 날짜 | C7: 납기 (없으면 안써도됨) | D7: 담당자 | E7: Model | F7: S/N | G7: 특이사항 (준비사항) | O7: 구분

Sheet 32.에피벨리
B2: 32 | C2: 에피벨리
B7: 날짜 | C7: 납기 (없으면 안써도됨) | D7: 담당자 | E7: Model | F7: S/N | G7: 특이사항 (준비사항) | O7: 구분

Sheet 33.엘디스
B2: 33 | C2: 엘디스
B7: 날짜 | C7: 납기 (없으면 안써도됨) | D7: 담당자 | E7: Model | F7: S/N | G7: 특이사항 (준비사항) | O7: 구분

Sheet 34.엠투엔
B2: 34 | C2: 엠투엔
B7: 날짜 | C7: 납기 (없으면 안써도됨) | D7: 담당자 | E7: Model | F7: S/N | G7: 특이사항 (준비사항) | O7: 구분

Sheet 35.연세대
B2: 35 | C2: 연세대
B7: 날짜 | C7: 납기 (없으면 안써도됨) | D7: 담당자 | E7: Model | F7: S/N | G7: 특이사항 (준비사항) | O7: 구분

Sheet 36.연세대 바이오 센터
B2: 36 | C2: 연세대 바이오 센터
B7: 날짜 | C7: 납기 (없으면 안써도됨) | D7: 담당자 | E7: Model | F7: S/N | G7: 특이사항 (준비사항) | O7: 구분

Sheet 37.예일전자
B2: 37 | C2: 예일전자
B7: 날짜 | C7: 납기 (없으면 안써도됨) | D7: 담당자 | E7: Model | F7: S/N | G7: 특이사항 (준비사항) | O7: 구분

Sheet 38.오덱
B2: 38 | C2: 오덱
B7: 날짜 | C7: 납기 (없으면 안써도됨) | D7: 담당자 | E7: Model | F7: S/N | G7: 특이사항 (준비사항) | O7: 구분
B8: 44679 | D8: 김재규 | E8: 1207BWA | F8: M002854 | G8: 설비 미사용하다가 설비 키니깐 PLC NO Respon 발생. 설비 재 ON/OFF 시켜도 알람 계속 떠있어서 PLC CPU 문제나, 배터리 방전 추정 PLC GM6-B 수급 되어있음 방문 하면됨. 프로그램 윤차장님에게 받아서 가야함. | O8: 완료
B9: 44683 | D9: 김재규 | E9: 1207BWA | F9: M002854 | G9: 윤차장님께 PLC Program 문의결과, 따로 오덱용 Program은 없다고 하여, 담당자에게 PLC Version 사진과, PLC 사진 받아서 윤차장님께 전달 해줘야함. | O9: 완료
B10: 44685 | D10: 김재규 | E10: 1207BWA | F10: M002854 | G10: 5/4 방문 Report 참고 Wet High Delay 30sec -> 90sec으로 변경 | O10: 숙지사항 | P10: ..\38.오덱(울산)\Report\2022\오덱_20220504.xlsx
B11: 44690 | D11: 김재규 | E11: 1207BWA | F11: M002854 | G11: 인건비 관련하여 3명으로 송부요청은 해놓았으나, 담당자가 강차장님이랑 인건비 관련 통화 한다고 함, 통화 후 견적서 송부 되었는지 확인 | O11: 완료
B12: 44697 | D12: 김재규 | E12: 1207BWA | F12: M002854 | G12: Overhaul 관련 설비 내부점검 O-Ring 수급 완료 하였으며, 김재규주무가 내부점검 방문일에 Ion스크러바 Level Sensor도 부탁 한다고 했음. -> Level Sensor 긴급으로 발주완료 | O12: 완료
B13: 44722 | D13: 김재규 | E13: 1207BWA | F13: M002854 | G13: Overhaul 관련 내부점검 진행 건 Report 참고 ------------------>>> ION Scrubber는 Level Sensor 이물질로 인한 센싱불량 추정하여 A급 교체완료 ION SCR 조작반 시수 조작스위치 내부 파손되서 조작 불가하여 부저 스위치껄로 교체하여 Auto로만 임시가동 중 (Close 불가, 닫으려면 EMO눌러야댐) | O13: 완료 | P13: ..\38.오덱(울산)\Report\2022\한국유미코아촉매_20220610.xlsx
B14: 44847 | D14: 김재규 | E14: 1207BWA | F14: M002854 | G14: Overhaul 및 내부 Cleaning 완료 함. Drain 되는 양보다 시수양이 많아서 Drain Time 100sec로 변경함. ION SCR 조작판넬 시수 전환 스위치 수급이 늦어 받아서 택배로 보내주었고, 고객사 공무팀이 장착 했다고 함. | O14: 완료
B15: 44875 | D15: 김재규 | E15: 1207BWA | F15: M002854 | G15: ION SCR 시수공급이 끊겨서 스크라바 알람 걸렸다고 함. 시수 정상 유입 가능할때 스크라바 다시 재가동 해보라고 함. 그 뒤로 연락 없음.. | O15: 완료
B16: 44940 | D16: 김재규 | E16: 1207BWA | F16: M002854 | G16: 주말에 Air 콤프레샤 꺼져서 Scrubber 알람 걸린다고 함. Air를 N2로 대체하여 사용 한다고 하나, 연구소에 문의결과, H2, 프로판, 프로필렌은 산소가 필요하여 Air가 들어가야 된다고 함. 담당자에게 해당내용 설명 하였고, Air 그대로 사용 및 토요일에 Scrubber off 한다고 함. | O16: 완료
B17: 44971 | D17: 김재규 | E17: 1207BWA | F17: M002854 | G17: IES Fan Fault 발생 했다고 하여, 물이 얼어서 부하 걸려서 걸린거 같다고 설명 함. 날씨 풀리고 IES Fan Fault 재발생 하여 방문요청 함. 방문하여 확인 결과 FAN 및 Motor가 많이 노후됨. 구리스 주입기도 파손 되어 이물질 유입 가능성 有. Turbo Blower 교체 권유, 견적서 송부 예정 | O17: 미완료

Sheet 39.요업기술원
B2: 39 | C2: 요업기술원
B7: 날짜 | C7: 납기 (없으면 안써도됨) | D7: 담당자 | E7: Model | F7: S/N | G7: 특이사항 (준비사항) | O7: 구분

Sheet 40.워렌텍
B2: 40 | C2: 워렌텍
B7: 날짜 | C7: 납기 (없으면 안써도됨) | D7: 담당자 | E7: Model | F7: S/N | G7: 특이사항 (준비사항) | O7: 구분

Sheet 41.이피웍스
B2: 41 | C2: 이피웍스
B7: 날짜 | C7: 납기 (없으면 안써도됨) | D7: 담당자 | E7: Model | F7: S/N | G7: 특이사항 (준비사항) | O7: 구분

Sheet 42.재료연구소
B2: 42 | C2: 재료연구소
B7: 날짜 | C7: 납기 (없으면 안써도됨) | D7: 담당자 | E7: Model | F7: S/N | G7: 특이사항 (준비사항) | O7: 구분
B8: 44784 | D8: 권정대책임 | E8: 507BWA | F8: M002166 | G8: INLET PRESSURE HIGH ALARM 발생관련 업체 자체적으로 막힘구간 뚫어서 조치 했다고 함. 나중에 방문 필요하면 다시 연락 준다고 함. | O8: 완료
B9: 44846 | D9: 권정대책임 | E9: 507BWA | F9: M002166 | G9: 설비 PM 완료. Middle Flange가 95%정도 막혀 있었음. 내부 Cleaning 및 Part 교체 완료 | O9: 완료
B10: 44850 | D10: 권정대책임 | E10: 507BWA | F10: M002166 | G10: Bellows 빵꾸 나있다고 연락와서. 우리가 PM때 불빛 비춰서 검사 해보았다고 했음. 벨로우즈 2개 산다고 해서 온세미에서 안쓰는 코팅벨로우즈 빼와서 재료연구소로 택배 송부 완료 | O10: 완료

Sheet 43.전남테크노파크
B2: 43 | C2: 전남테크노파크
B7: 날짜 | C7: 납기 (없으면 안써도됨) | D7: 담당자 | E7: Model | F7: S/N | G7: 특이사항 (준비사항) | O7: 구분

Sheet 44.주성
B2: 44 | C2: 주성
B7: 날짜 | C7: 납기 (없으면 안써도됨) | D7: 담당자 | E7: Model | F7: S/N | G7: 특이사항 (준비사항) | O7: 구분

Sheet 45.충남대학교
B2: 45 | C2: 충남대학교
B7: 날짜 | C7: 납기 (없으면 안써도됨) | D7: 담당자 | E7: Model | F7: S/N | G7: 특이사항 (준비사항) | O7: 구분

Sheet 46.카이스트
B2: 46 | C2: 카이스트
B7: 날짜 | C7: 납기 (없으면 안써도됨) | D7: 담당자 | E7: Model | F7: S/N | G7: 특이사항 (준비사항) | O7: 구분

Sheet 47.테스
B2: 47 | C2: 테스
B7: 날짜 | C7: 납기 (없으면 안써도됨) | D7: 담당자 | E7: Model | F7: S/N | G7: 특이사항 (준비사항) | O7: 구분
B8: 44553 | F8: ??확인필요 | G8: 고객사가 Level Kit 파손 했다고 하여 3EA 하이닉스 재고에서 먼저 분출하여 택배로 송부함. 재현이가 하이닉스 선분출건 작업의뢰서 올림 파트 나오면 넘버랑 확인해야한다고 함(동교형) 파워마스터 레벨키트 나옴 동교형 줘야됨 | O8: 완료
B9: 44679 | G9: 납품 5/6 예정 | O9: 완료
B10: 44876 | D10: 조석정(발안) | E10: MI2000 | F10: M002175 | G10: 설비 PM 완료. 내부 Cleaning 진행 완료. Drain Pump MC 교체 완료 | O10: 완료
B11: 44885 | D11: 손기욱(용인) | G11: PG35 5개 구매 한다고 하여 택배납품 완료 | O11: 완료
B12: 44967 | D12: 손기욱(용인) | G12: Burn Chamber 1EA 납품 진행 함. | O12: 완료

Sheet 48.트리노테크놀로지
B2: 48 | C2: 트리노테크놀로지
B7: 날짜 | C7: 납기 (없으면 안써도됨) | D7: 담당자 | E7: Model | F7: S/N | G7: 특이사항 (준비사항) | O7: 구분
B8: 44545 | D8: 강석원 부장 | E8: 507BW | F8: 20051130-hy-1320 | G8: - Wet Chamber 전동지그로 앞으로 빼는 과정에서 Circulation Out 40A(?) 스프링호스 배관 찢어짐 추정으로 Leak 발생 하였으나 PM 종료 후 설비 가동시 Leak 발생하지 않아 해당부위 전기테이프로 마감 해놓음. 배관 80cm 잘라서 택배로 보내주기로 함. 교체방법 트리노 대응인원에게 인폼해줌 (뿔테안경 쓴사람) - Chamber 앞부분 Middle Flange 부분에서 Leak 발생하였다고 연락옴. 최초 Chamber Open시 탱 하고 열림(힌지부분이 넘 쎄게 조여짐? OR Middle Flange 두께가 조금 두껍게 제작됨? OR Wet Chamber Flange가 조금 휘어져 있음.) Leak 또 발생하면 연락달라고 했음. 동교형은 C Clamp로 물어서 Chamber Heat Up 후 다시 펴야한다고 함. | O8: 완료
B9: 44849 | D9: 강석원 부장 | E9: 507BW | F9: 20051130-hy-1320 | G9: 내부점검 방문 진행. Middle Flange부 Leak 발생. Wet Chamber Flange부 휘어서 Leak 나는 것으로 추정. Wet Chamber 교체 권장. Absorber 변색. S/W Flowmeter 변색으로 추 안보임 교체 필요해 보임. | O9: 완료

Sheet 49.온세미 컨덕터
B2: 49 | C2: 온세미 컨덕터
B7: 날짜 | C7: 납기 (없으면 안써도됨) | D7: 담당자 | E7: Model | F7: S/N | G7: 특이사항 (준비사항) | O7: 구분
B8: 44539 | E8: 1501HW | G8: Burn Door 개선 관련하여, Burn Chamber Code 새로 채번 하였음. 온세미는1501-110-A01-01-P ---> 1501-110-A01-03-P 로 변경됨. 영업부 성순희과장에게 새 코드 전달 완료 | O8: 숙지사항
B9: 44539 | E9: 1501HW | G9: C60037 (Burn Chamber) 나오면 일정 잡아야함 | O9: 완료
B10: 44540 | D10: 조용군부장 | E10: 507BWS | F10: M005894 | G10: 12/13 (월) Turn-On 예정, O-Ring 납품 | O10: 완료
B11: 44540 | D11: 조용군부장 | E11: 507BWS | F11: M005894 | G11: 12/13 (월) Turn-On 안함, 전기만 Turn-On하여 승온 및 Leak Test 불가, 배관 및 Tube 체결부 정상 체결점검은 진행 했음. Turn-On 일정 방문시에 Test 필요. Exh 및 일반배기 압력 -8 이었음 확인결과 OFF 상태 이라고 함. O-Ring 및 T/C 납품 완료 | O11: 숙지사항
B12: 44547 | D12: 조용군부장 | E12: 507BWS | F12: M005894 | G12: Turn-On간 Supply Water Flowmeter에 이물질 유입되어 Supply Water 안들어왔었음. 배기압 일단 -30으로 운영한다고 하여 아날로그 컨피그 InLet Pressure High Alarm값 0 -> 20으로 바꾸어 놓음. Level Sensor 원래는 Middle에서 Drain 되어야 하는데 High에서 Drain됨 (윤차장님 문의결과 맞는거라고 함) Level Controller에서 2번하고 3번 바꾸어 보았으나, Middle에서 Drain이 조금밖에 안됨. Manual Mode에서 Supply Water버튼 안눌림. 조용군부장에게 쿨링모드랑, 힛업하는 방법 알려줌. | O12: 숙지사항
B13: 44557 | E13: 1501HW | F13: ??확인필요 | G13: 설비 정기 PM관련하여 12/31일에 PM요청 했으나, 1/8로 미뤘음. 담당자에게 다시 한번 스케쥴 확인 해봐야 한다고 함. -> 1/7(금)으로 확정 | O13: 완료
B14: 44564 | G14: 납품 진행 해야함. PM 하는날 납품 같이 진행, | O14: 완료
B15: 44565 | G15: Bellows 코팅 안된거 4개, 사각오링, Exh' O-Ring등 PM 시 필요 파츠 발주 | O15: 완료
B16: 44566 | E16: 507BWS | G16: 설비3대 납품 한다고 함, 일정은 미정 | O16: 완료
B17: 44568 | D17: 서준배 | E17: 1501HW | F17: M004953 | G17: 장비 PM 진행 준비 및 고객사 내부 spare parts 재고 확인 | O17: 완료
B18: 44577 | E18: 1501HW | G18: 1501HW Burn Chamber 제작 中, 용접업체 누락으로 제작 누락되었음. 1/21~26 사이에 제작 완료 될 것 같음. 서준배가 언제 교체 하냐고 연락 왔었음. 일정 조율하여 빨리 해달라고 하면 설 전, 그게 아니면 설 이후로 일정 잡을예정. | O18: 완료
B19: 44586 | D19: 서준배 | E19: 1501HW | G19: 1501HW Vent설비 Burn Chamber 교체 2/3(목) 진행 해야함. 챔버는 금주 내에 나온다고함. 목요일 동우PM 2/4(금)으로 미루었음 | O19: 완료
B20: 44589 | D20: ??? | E20: 피코장비 P206HW | F20: - | G20: 옛날 장비이고, 장시간 설비 비가동시(Powew OFF시) Program이 날아갈 수 있다고 하여, 2/3(목)에 설비 재가동 할 예정인데, 목요일에 김진회주임 내방 같이 해야 할 수도 있음 성순희과장님에게 온 메일 참조 | O20: 완료
B21: 44595 | D21: 서준배 | E21: 1501HW | G21: Burn Chamber 교체 완료 하였고, C급 Burn Chamber 반출하여 연구소 전달완료 업무요청서 작성 예정 | O21: 완료
B22: 44595 | D22: 서준배 | E22: 1501HW | G22: 2/18 (금) 방문하여 1호기(맨왼쪽설비) PM 예정. SCR Room 청소해 달라고 하였음. 차주 금요일 방문시 정리 필요. Burn Chamber 1대 더 반출하여 연구소 전달하여 재사용 가능여부 확인 필요(총2대) 오링도 몇 개 납품 필요. 목요일날 서류 뽑아달라고 해야함. | O22: 완료
B23: 44613 | D23: 서준배 | E23: 1501HW | F23: M004951 | G23: 정기 PM 완료, Drain Pump 교체 완료 후 Drain 원활히 작동. Drain Delay Time 30Sec -> 12sec으로 변경 완료 | O23: 완료
B24: 44613 | D24: 서준배 | E24: 1501HW | G24: C급 Burn Chamber 1EA 반출하여 연구소 전달완료 | O24: 완료
B25: 44614 | D25: 서준배 | G25: 2022-01-07 작업건 견적서 다음 방문때 가지고 가서 서준배씨한테 전달하여 도장 받아야 된다고 함. 견적서는 전날에 성과장님이 뽑아준다고함 숙지 | O25: 숙지사항
B26: 44622 | D26: 조용군부장 | E26: 507BWS | F26: M005894 | G26: Drain Actuator Valve Fail로 Water Leak 발생하여 Actuator Valve 교체 진행완료 | O26: 완료
B27: 44634 | D27: 김일남 부장 | E27: 1501HW | F27: M005892 | G27: Vent 장비 Heater #1열 중간꺼 Fail나서 1701납품하는날 교체 해줘야함. #2열 맨오른쪽꺼 단자 탄화되어 단락있었음, 다시 단자작업하여 조치완료 820도까지 승온 가능하나 일단 600도로 운영한다고 함 로우값 500으로 바꿔놓음 | O27: 완료
B28: 44634 | D28: 김일남 부장 | E28: 1501HW | F28: 3대다 | G28: 순간정전 발생 관련 Air Flow Low Alarm 발생 이유 및 몇초동안 Cover 가능한건지 문의 왔었음. 동교형 답변완료 | O28: 완료
B29: 44664 | D29: 여광구 | E29: 1501HW | F29: 3대다 | G29: 이제부터 pm 작업 및 Part's 교체시 사용 Part's 파악해서 견적서 처리 먼저 진행 후 pm 진행 하고, 남는 Part's는 다음번 pm시 필요한 수량에서 제외 후 견적서 처리하는 방식으로 진행 해야 함. | O29: 숙지사항
B30: 44676 | D30: 김일남 부장 | E30: 1501HW | F30: Vent | G30: Heater #1 가운데 교체 하였으나, Heater #2 왼쪽 동관단자가 Heater 단자에 늘어 붙어 Bolt & Nut 체결해제 불가능하여 교체 필요. 고객社 설비 단기간 비가동 한다고 하여 Heater Low 0으로 맞춰놓고 Heater ELCB OFF 후 Auto Mode로 가동 中, Heater 교체 후 원복 필요 | O30: 완료
B31: 44676 | D31: 조용군부장 | E31: 507BWS | F31: M005894 | G31: Supply Water Flowmeter 교체 완료하여 반출 완료 함. 업체 분석의뢰 필요 | O31: 미완료
B32: 44676 | D32: 김일남 부장 | E32: 1501HW | F32: Vent+F32 | G32: • 1501HW Vent (M004952) 설비 Heater Fail 件 -3/14 Heater Temp Low 발생하여 점검 진행 결과 1열 중간 Heater Fail로 인한 Temp Low 발생 -고객社 담당자와 협의하여 Heater 수급하여 교체 및 설비 정상화 전까지 820도 -> 600도로 운영 (1701설비 납품 Scadule 고려하여 Heater 수급 후 설비 납품일에 조치 협의) -4/25 1열 중간 Heater 교체 間, 2열 좌측 Heater 추가 Fail발견 (동관단자 탄화 및 Heater 단자손상) -고객社 담당자 설비 미사용으로 Heater 교체 전까지 Heater OFF하여 운영협의 및 Heater 재고 확인되어 4/29 507BWS 설비 납품일에 방문하여 조치일정 협의 -고객社 담당자에게 1501HW설비 신규 1701HW로 교체 관련하여 Heater 교체 불필요 전달받음 -고객社 엔지니어, Vent Scrubber 미가동으로 고객社 보유한 Wet Scrubber로 Vent 후 SiH4 Gas 사용하여 배기 종단 화재 발생추정 (담당자 간 미인폼 추정) -고객社 Scrubber Heater교체 및 정상화 긴급요청으로 4/28 방문하여 2열 좌측 Heater 교체완료 및 설비 정상화 완료 | O32: 숙지사항
B33: 44692 | D33: 김일남 부장 | E33: 1501HW | F33: Vent | G33: Vent설비 In-Let Pressure High 발생하여 방문진행 결과 -> Burn Chamber In-Let Pipe내부에 H2 분산용 Inner Pipe 장착 되어 있었고, Hole이 막혀있어서 Pressure 하락추정으로 김유진차장님과 통화후 H2 80L이하로 사용하면 제거해도 된다고 하여 제거 진행 후 Pressure Test 진행 후 설비 정상화 | O33: 완료
B34: 44694 | D34: 김일남 부장 | E34: PM 후+F32 | F34: Vent | G34: In-Let Pressure High Alarm 재발생하여 방문하여 Chamber Open 진행 특별히 유로를 막을만 한 Point는 없었으며, ABS.타공판 Hole 조금 막힌거 뚫어줌 내부확인결과 특이사항 없었으며, 유량 유입 Test 결과 약 900slm 이상 유입되면 In-Let Pressure가 죽는 현상 발생하여 Burning Air#1 #2 300 -> 200으로 줄이고 In-Let Purge N2 170-> 120으로 하향조정하여 Test 진행,, Vent 설비 가스는 SiH4 2max 10L, H2 max 2L, Pump N2는 60slm으로 생각하고 유량 맞춤,, 배기종단 연기발생 관련은 5/16 설비업체와 스케쥴 맞춰서 방문 달라고 함. (김일남부장) | O34: 완료
B35: 44694 | D35: 최진구차장 | E35: 507BWS | F35: M005894 | G35: Circulation Flow Error 발생하여 점검 해보니 Impeller가 떡져서 돌질 않음 -> 5/16 방문간 pm300 Pump 수급하여 교체 진행 해주어야 함. -> 수질문제라고 설명 하였고 이번에는 무상, 다음번부터는 유상으로 진행 해야 할 것같다고 설명 함. 최진구과장은 pm Report에 그내용 써서 같이 보내달라고 함. | O35: 완료
B36: 44699 | D36: 김일남부장 | E36: 1501HW | F36: 1호기 | G36: PM 후 Gas Leak 발생하여 긴급방문 진행 Metal Gasket 고객사 엔지니어가 A급으로 교체진행 해보았으나, Leak 또 발생하여 출동 한 것임. Viton으로 교체 후 또 Leak 발생하여, 박천수과장과 협의 후 다시 Metal Gasket으로 원복. Heater T/C Fail나서 거기 있던걸로 교체진행. 감지기#1(노랑)은 계속 감지, 감지기#2(검정)은 감지안함 | O36: 완료
B37: 44705 | D37: 김일남부장 | E37: 1501HW | F37: 1호기 | G37: 2호기 PM間 1호기 Gas Leak 관련 온도측정 실시. 우리 열화상카메라 150도, 접촉식 온도측정기 130도, 온세미열화상 233도 2호기는 가스켓 A급, 클램프 A급으로 교체 후 2인1조 체결하니까 Leak 안남. 이제 밑에쪽 고강도 Clamp 무조건 A급으로 교체 하라고 함. | O37: 완료
... B39: 44706 | D39: 최진구차장 | E39: 507BWS | F39: M005894 | G39: Wet High, H/High 발생하여 조치 해달라고 메일옴 -> Drain Pump는 가동 중이나 내부 Impeller Scale 고착으로 100%의 양정을 내지못하여 폐수를 밀어내지 못함. | O39: 완료
B40: 44732 | D40: 김일남부장 | E40: 1701HW | F40: M006828 | G40: NF2-1호기 Heater Temp Low 발생 및 ELCB TRIP 발생 -> Heater ELCB 허용전류 100mA로 설정되어 있음 200mA로 상향 --------> Report 참조 | O40: 완료 | P40: ..\49.온세미컨덕터\Report\2022\온세미_20220621 1701HW (M006828) Heater Temp Low Alarm 발생 및 ELCB TRIP 발생 件.xlsx
B41: 44754 | D41: 조용군부장 | E41: 507BWS | F41: M005894 | G41: 설비 내부세정 진행 하였음, 내부에 Scale 고착 상태 확인 결과, 고착 많이됨.. 10월에 시상수로 변경 한다고 함. Part's Swap은 재고 해 보아야 함.시수필터는 설치 하였고, 노랗게 변색 확인 (별 효과는 없는 것 같음) 전극봉 Sensor H/HIGH 재발생 하여 Turn-On 대기중인 M006190에서 탈착하여, M005894에 장착 진행. M005894에서 탈착한 B급은 폐기 진행 ---------> Report 참고 | O41: 완료 | P41: ..\49.온세미컨덕터\Report\2022\온세미_20220712 507BWS (M005894) Wet Chamber 내부 세정 및 전극봉 Sensor 교체 件.xlsx
B42: 44756 | D42: 박준용님 | E42: 507BWS | F42: M006190 | G42: Turn-On 진행 완료 하였고, 사용하는 시수가 연마수 (DI) 이며, Level Sensor 인식 불량 발생하여, 전극봉 -> Float Sensor 로 변경 필요. | O42: 완료
B43: 44760 | D43: 박준용님 | E43: 507BWS | F43: M006190 | G43: 미래보에서 Float Sensor 수급하여 M006190에 장착 하였으나, Low와 H/High 인식 불량하여 연구소 문의결과, 프로그램 업데이트 해야 한다고 함. 7/20 박종현주임 방문하여 프로그램 업데이트 진행 예정 | O43: 미완료
B44: 44768 | D44: 김대겸님 | E44: 507BWA | F44: M002066 | G44: - 공정용스크러버 - 사용가스 : 사일렌(SiH4) - 1000ccm : 포스핀(PH3) - 100ccm - 가스처리 효율 Bruning Air 80slm → 85% 처리효율 Bruning Air 40slm → 99.5% 처리효율 - Burning Air 가 높을수록 연소방해 효과가 발생하여 처리하지 못한 가스를 빨리 밀어내는 현상발생 → Bruning Air 가 낮을수록 가스처리효율 높음 - 담당자에게 Burning Air를 가스사용양에 비해 높게 사용하고있어 낮추는것은 추천드렸으나 초기 Turn-On시 범용성있게 설정해주신거대로 사용하겠다 하여 80slm 그대로 사용 | O44: 숙지사항
B45: 44956 | D45: 김일남 부장 | E45: 1701HW MI2500BW | F45: M006875 M006704 | G45: 수소 분기 작업 수소 최대 350SLM (악조건 365SLM) 유입에 따른 분기 작업 진행 1701HW: Purge N2 260SLM MI2500BW: Purge N2 200SLM

Sheet 49.온세미 컨덕터 설비위치
B2: 49 | C2: 온세미 컨덕터 설비위치

Sheet 49.온세미 EPI CIR PUMP 이력
B2: 49 | C2: 온세미컨덕터 EPI Circulation Pump 교체이력
B8: 호기 | C8: 1501HW | O8: 1701HW
C9: TEL#1-1 | G9: TEL#1-2 | K9: VENT#0 | O9: TEL#2-1 | S9: TEL#2-2 | W9: NF#2-1 | AA9: NF#2-2 | AE9: NF#3-1 | AI9: NF#3-2 | AM9: NF#4-1 | AQ9: NF#4-2 | AU9: NF#5-1 | AY9: NF#5-2 | BC9: AX#1-1 | BG9: AX#1-2 | BK9: AX#2-1 | BO9: AX#2-2 | BS9: AX#3-1 | BW9: AX#3-2 | CA9: AX#4-1 | CE9: AX#4-2 | CI9: VENT#1 | CM9: VENT#2
C10: 전 교체일 | D10: 후 교체일 | E10: 사용일 | F10: Alarm 발생여부 | G10: 전 교체일 | H10: 후 교체일 | I10: 사용일 | J10: Alarm 발생여부 | K10: 전 교체일 | L10: 후 교체일 | M10: 사용일 | N10: Alarm 발생여부 | O10: 전 교체일 | P10: 후 교체일 | Q10: 사용일 | R10: Alarm 발생여부 | S10: 전 교체일 | T10: 후 교체일 | U10: 사용일 | V10: Alarm 발생여부 | W10: 전 교체일 | X10: 후 교체일 | Y10: 사용일 | Z10: Alarm 발생여부 | AA10: 전 교체일 | AB10: 후 교체일 | AC10: 사용일 | AD10: Alarm 발생여부 | AE10: 전 교체일 | AF10: 후 교체일 | AG10: 사용일 | AH10: Alarm 발생여부 | AI10: 전 교체일 | AJ10: 후 교체일 | AK10: 사용일 | AL10: Alarm 발생여부 | AM10: 전 교체일 | AN10: 후 교체일 | AO10: 사용일 | AP10: Alarm 발생여부 | AQ10: 전 교체일 | AR10: 후 교체일 | AS10: 사용일 | AT10: Alarm 발생여부 | AU10: 전 교체일 | AV10: 후 교체일 | AW10: 사용일 | AX10: Alarm 발생여부 | AY10: 전 교체일 | AZ10: 후 교체일 | BA10: 사용일 | BB10: Alarm 발생여부 | BC10: 전 교체일 | BD10: 후 교체일 | BE10: 사용일 | BF10: Alarm 발생여부 | BG10: 전 교체일 | BH10: 후 교체일 | BI10: 사용일 | BJ10: Alarm 발생여부 | BK10: 전 교체일 | BL10: 후 교체일 | BM10: 사용일 | BN10: Alarm 발생여부 | BO10: 전 교체일 | BP10: 후 교체일 | BQ10: 사용일 | BR10: Alarm 발생여부 | BS10: 전 교체일 | BT10: 후 교체일 | BU10: 사용일 | BV10: Alarm 발생여부 | BW10: 전 교체일 | BX10: 후 교체일 | BY10: 사용일 | BZ10: Alarm 발생여부 | CA10: 전 교체일 | CB10: 후 교체일 | CC10: 사용일 | CD10: Alarm 발생여부 | CE10: 전 교체일 | CF10: 후 교체일 | CG10: 사용일 | CH10: Alarm 발생여부 | CI10: 전 교체일 | CJ10: 후 교체일 | CK10: 사용일 | CL10: Alarm 발생여부 | CM10: 전 교체일 | CN10: 후 교체일 | CO10: 사용일 | CP10: Alarm 발생여부
B11: 교체일1 | C11: 43560 | G11: 43560 | H11: 45023 | J11: X | O11: 44762 | P11: 45035 | R11: X | S11: 44762 | T11: 45023 | V11: O | W11: 44732 | AA11: 44732 | AB11: 45021 | AD11: O | AE11: 44832 | AF11: 45021 | AH11: X | AI11: 44832 | AM11: 44832 | AQ11: 44832 | AR11: 45020 | AT11: O | AU11: 44832 | AV11: 45021 | AX11: O | AY11: 44832 | BC11: 44832 | BD11: 45023 | BF11: X | BG11: 44832 | BH11: 45023 | BJ11: O | BK11: 44901 | BL11: 45022 | BN11: X | BO11: 44901 | BP11: 45022 | BR11: O | BS11: 44974 | BT11: 45026 | BV11: X | BW11: 44591 | BX11: 45026 | BZ11: X | CA11: 44978 | CB11: 45027 | CD11: X | CE11: 44984 | CF11: 45027 | CH11: X | CI11: 44762 | CM11: 44762 | CN11: 45029 | CP11: X
B12: 교체일2 | AR12: 45023 | AT12: O | AV12: 45026 | AX12: O
B13: 교체일3
B14: 교체일4
B15: 교체일5
B16: 교체일6
B17: 교체일7
B18: 교체일8
B19: 교체일9
B20: 교체일10
B21: 교체일11
B22: 교체일12
B23: 교체일13
B24: 교체일14
... B30: 교체일20

Sheet 50.포항공대
B2: 50 | C2: 포항공대
B7: 날짜 | C7: 납기 (없으면 안써도됨) | D7: 담당자 | E7: Model | F7: S/N | G7: 특이사항 (준비사항) | O7: 구분

Sheet 51.하이디스
B2: 51 | C2: 하이디스
B7: 날짜 | C7: 납기 (없으면 안써도됨) | D7: 담당자 | E7: Model | F7: S/N | G7: 특이사항 (준비사항) | O7: 구분

Sheet 52.한국생산기술연구원
B2: 52 | C2: 한국생산기술연구원
B7: 날짜 | C7: 납기 (없으면 안써도됨) | D7: 담당자 | E7: Model | F7: S/N | G7: 특이사항 (준비사항) | O7: 구분

Sheet 53.한국세라믹기술원
B2: 53 | C2: 한국세라믹기술원
B7: 날짜 | C7: 납기 (없으면 안써도됨) | D7: 담당자 | E7: Model | F7: S/N | G7: 특이사항 (준비사항) | O7: 구분
B8: 44543 | E8: 507BWA | F8: M002566 | G8: 문제 파악 中 | O8: 완료
B9: 44565 | E9: 507BWA | F9: M002566 | G9: Wet Level High 발생하여 담당자 통화. 전극봉 Level Sensor 분리하여 Cleaning 요청 후 설비 정상가동 中 방문 필요 할 수도 있음 | O9: 완료
B10: 44572 | E10: 507BWA | F10: M002566 | G10: 장비 water 침수로 인하여 pressure 및 승온 문제로 장비 PM 요청으로 방문 장비 점검 후 Heater 교체 진행 Wet Chamber 내부 cleaning 진행후 정상가동 | O10: 완료

Sheet 54.한국알박
B2: 54 | C2: 한국알박
B7: 날짜 | C7: 납기 (없으면 안써도됨) | D7: 담당자 | E7: Model | F7: S/N | G7: 특이사항 (준비사항) | O7: 구분
B8: 44557 | G8: 설비 철거 1/10~1/14 사이에 스케쥴 잡아서 인폼 해주어야함. | O8: 완료
B9: 44572 | G9: 1/17 철거 예정이며, 1/12 동교형이랑 한번 더 방문 예정 릴선이랑 A형 사다리는 거기서 빌려준다고함, 카트리지생산에서 핸드그라인더, 조립부에서 철판자르는거(?) 빌려야 함 강차장님이 차량 섭외비용 등 어디에서 지불 할 건지 협의 해본다고 함 | O9: 완료
B10: 44580 | G10: 601WPW 빼고 나머지 601PW 2대, 외부 Tank 2대, ION Scrubber 철거 완료 601WPW는 철거 후 고객사 보유 한다고 함 | O10: 완료

Sheet 55.한국에너지기술 연구소
B2: 55 | C2: 한국에너지기술 연구소
B7: 날짜 | C7: 납기 (없으면 안써도됨) | D7: 담당자 | E7: Model | F7: S/N | G7: 특이사항 (준비사항) | O7: 구분

Sheet 56.한국에너지기술원
B2: 56 | C2: 한국에너지기술원
B7: 날짜 | C7: 납기 (없으면 안써도됨) | D7: 담당자 | E7: Model | F7: S/N | G7: 특이사항 (준비사항) | O7: 구분

Sheet 57.한국표준과학연구원
B2: 57 | C2: 한국표준과학연구원
B7: 날짜 | C7: 납기 (없으면 안써도됨) | D7: 담당자 | E7: Model | F7: S/N | G7: 특이사항 (준비사항) | O7: 구분

Sheet 58.한양대
B2: 58 | C2: 한양대
B7: 날짜 | C7: 납기 (없으면 안써도됨) | D7: 담당자 | E7: Model | F7: S/N | G7: 특이사항 (준비사항) | O7: 구분

Sheet 59.호서대
B2: 59 | C2: 호서대
B7: 날짜 | C7: 납기 (없으면 안써도됨) | D7: 담당자 | E7: Model | F7: S/N | G7: 특이사항 (준비사항) | O7: 구분

Sheet 60.메카로에너지
B2: 60 | C2: 메카로에너지
B7: 날짜 | C7: 납기 (없으면 안써도됨) | D7: 담당자 | E7: Model | F7: S/N | G7: 특이사항 (준비사항) | O7: 구분
B8: 44613 | C8: - | D8: 이철민 선임 | E8: 1207BWA | F8: M004683 | G8: Supply Actuator Valve고착, Drain Pump Out단 내부 Check Valve 고착 Part's 유상구매 예정 | O8: 완료
B9: 44613 | C9: - | D9: 이철민 선임 | E9: 1207BWA | F9: M004684 | G9: Supply Actuator Valve고착, Drain Pump Out단 내부 Check Valve 고착 Part's 유상구매 예정 | O9: 완료
B10: 44617 | C10: - | D10: 이철민 선임 | E10: 1207BWA | F10: 둘다 | G10: AT V/V, Drain Check Valve 수령완료, 519오링 수령완료 메카로 연락하여 일정 조율 필요 -->> 5/6 방문하여 장착예정 | O10: 완료
B11: 44648 | C11: - | D11: 이철민 선임 | E11: 1207BWA | F11: 둘다 | G11: O-Ring 수량 잘못 시켜서 519 2개, 480 2개 추가발주 해야하고, AT V/V가 솔벨브만 와서 재발주 해야함. PH센서도 재발주 함 | O11: 완료
B12: 44648 | E12: 1207BWA | G12: 필요 O-Ring (1대기준) 519 * 519 -> 903-001-210 480 * 480 -> 903-001-211 | O12: 숙지사항
B13: 44664 | D13: 이철민 선임 | E13: 1207BWA | G13: 2022-02-18 Water Leak 발생 방문 유상건 2명, 2022-02-21 N/W 유입불가 유상건 1명인데, 2022-02-21 1명 건은 무상처리 하기로 함, 이미 3명 처리 되어서, 다음번 Overhaul건에서 인건비 1명빼고 1명으로 올려야 함. | O13: 숙지사항
B14: 44687 | D14: 이철민 선임 | E14: 1207BWA | F14: 둘다 | G14: 5/6 방문하여 설비 2대 Open하여 내부확인 완료 S/W A/T V/V 교체, Drain Check V/V 교체, PH Sensor 교체 완료 인건비 및 파트 견적서 및 Overhaul 예상필요 Part's List 송부 필요 | O14: 완료
B15: 44726 | D15: 김경문 | E15: 507BW | F15: M003925 | G15: 이설 및 Overhaul 견적 확인 건 고객사 7월말에 설비 정지 가능하다고 하여 7월 초쯤에 재연락 예정 | O15: 완료
B16: 44736 | D16: 김경문 | E16: 507BW | F16: M003925 | G16: 507BWS 이설관련 현장방문 건 Report 꼭 참고. -------->>>>> | O16: 완료 | P16: ..\60.메카로\507BWS\Report\메카로_20220624_(M003925) 이설관련 현장방문 件.xlsx
B17: 44736 | D17: 이철민 선임 | E17: 1207BWA | F17: 둘다 | G17: Overhaul 진행 하기는 할 것 이나, 시기는 아직 미정 영업부랑 네고 협의 중 이라고 함. (50만원 네고 해줬다고 함) | O17: 완료
B18: 44761 | D18: 김경문 | E18: 507BW | F18: M003925 | G18: 음성에서 외부 Tank 해체할때 Tank 상부 모든 PVC Line 및 펌프 열교환기 제거 하면 문에 걸리지 않고 나갈 수 있다고 함. 음성에서 지게차 운전인원이 없어 강우규차장님이 방문 같이 하여 지게차 운전 가능 하다고 함. | O18: 완료
B19: 44761 | D19: 김경문 | E19: 507BW | F19: M003925 | G19: 설비 Stop 하는 날짜 및 해체작업 날짜, 이설날짜 잡아야 함. | O19: 완료
B20: 44771 | D20: 김경문 | E20: 507BW | F20: M003925 | G20: 7/29 507BWS 설비 및 외부 Tank 해체 완료하여 반입구 문 앞까지 빼놓음. 8/1 대전사업장으로 이설 예정. 지게차 대전 (문지지게차), 음성(원남산단지게차) 섭외 완료. 8/1 대전 하차 후 설비 자리잡고 해체 Line들 원복필요. 유니온테크 양동수부장 13시 방문하여 실측 예정 | O20: 완료
B21: 44775 | D21: 김경문 | E21: 507BW | F21: M003925 | G21: 대전 메카로로 이동 완료 및 외부 Tank 상부 및 스크라바 상부 조립 완료 Util 배관 훅업이 아직 안되서 메인 폐수배관 훅업 후 유니온테크 방문하여 PVC 배관 훅업 필요. 메인 폐수배관 훅업완료되면 담당자가 연락주기로 함. | O21: 완료
B22: 44802 | D22: 김경문 | E22: 507BW | F22: M003925 | G22: Turn-On 진행 間 Exh`Pressure와 inlet Pressure 차압이 +50정도 차이발생 NH3 Gas Cabinet에서 Scrubber로 연결된 PVC 배관내부로 외기유입이 되는걸로 추측되어, 고객社에 PVC배관을 산2배기로 연결 할 것을 요청함. | O22: 완료
B23: 44817 | D23: 김경문 | E23: 507BW | F23: M003925 | G23: Overhaul 전 Heater 선 교체 진행후 Temp2 685까지밖에 상승안함. 점검필요 | O23: 완료
